title,description,publishedAt,url,category,cleaned_text
23andMe (and Your Genetic Data) Sold to Regeneron in Bankruptcy Auction,"The pharmaceutical company bought ""substantially all"" of 23andMe's business for $256 million.",2025-05-19T17:11:24Z,https://gizmodo.com/23andme-and-your-genetic-data-sold-to-regeneron-in-bankruptcy-auction-2000604050,business,23andme genetic data sold regeneron bankruptcy auction pharmaceutical company bought substantially 23andmes business 256 million
"Stop Overpaying, HP 15.6″ Touchscreen Laptop (64GB RAM, 2TB SSD, i7) Drops $2,600 on Amazon to an All-Time Low","Save $2,600 on a 15.6"" touchscreen laptop from HP designed for business professionals.",2025-05-17T11:40:35Z,https://gizmodo.com/stop-overpaying-hp-15-6-touchscreen-laptop-64gb-ram-2tb-ssd-i7-drops-2600-on-amazon-to-an-all-time-low-2000603560,business,stop overpaying hp 156″ touchscreen laptop 64gb ram 2tb ssd i7 drop 2600 amazon alltime low save 2600 156 touchscreen laptop hp designed business professional
"This HP 15″ Touchscreen Laptop (64GB RAM, 2TB SSD, i7) Drops $2,600, Now 72% Off on Amazon","Save $2,600 on a 15.6"" touchscreen laptop from HP designed for business professionals.",2025-05-18T13:33:35Z,https://gizmodo.com/stop-overpaying-hp-15-6-touchscreen-laptop-64gb-ram-2tb-ssd-i7-drops-2600-on-amazon-to-all-time-low-2000603560,business,hp 15″ touchscreen laptop 64gb ram 2tb ssd i7 drop 2600 72 amazon save 2600 156 touchscreen laptop hp designed business professional
‘Textbook Case of Corruption’: Democratic Senators Call for Ethics Investigation Into Starlink’s Recent Trade Deals,"In an open letter, the senators expressed concerns that the Trump administration may be offering countries tariff relief if they do business with Elon Musk.",2025-05-17T13:00:28Z,https://gizmodo.com/textbook-case-of-corruption-democratic-senators-call-for-ethics-investigation-into-starlinks-recent-trade-deals-2000603555,business,‘textbook case corruption’ democratic senator call ethic investigation starlink’s recent trade deal open letter senator expressed concern trump administration may offering country tariff relief business elon musk
23andMe and its user data will soon belong to a pharmaceutical giant,"23andMe will keep offering customers its DNA testing services after being bought out of bankruptcy. New York-based biotech company Regeneron Pharmaceuticals announced an agreement on Monday to purchase the 23andMe startup for $256 million, alongside its Total…",2025-05-19T15:38:02Z,https://www.theverge.com/news/669548/23andme-bankruptcy-auction-regeneron-purchase,business,23andme user data soon belong pharmaceutical giant 23andme keep offering customer dna testing service bought bankruptcy new yorkbased biotech company regeneron pharmaceutical announced agreement monday purchase 23andme startup 256 million alongside total…
"I own a reselling business with my wife, and our sales are booming thanks to tariffs. I can't attribute this growth to anything else.",Business owner Ryan Frankel and his wife's reselling business has seen 41% revenue increase since President Trump announced new tariffs.,2025-05-17T12:37:02Z,https://www.businessinsider.com/us-thrifting-business-prospering-after-trump-announced-tariffs-2025-5,business,reselling business wife sale booming thanks tariff cant attribute growth anything else business owner ryan frankel wife reselling business seen 41 revenue increase since president trump announced new tariff
The Secrets Behind Barry Diller’s Business Success,A conversation with media industry legend Barry Diller about creating successful projects and organizations.,2025-05-20T12:20:00Z,https://hbr.org/podcast/2025/05/the-secrets-behind-barry-dillers-business-success,business,secret behind barry diller’s business success conversation medium industry legend barry diller creating successful project organization
"Amid global competition for production business, Hollywood is hurting",Hollywood's plummeting film and TV production levels have studio executives and grassroots groups pushing for better incentives to keep business in California.,2025-05-17T11:00:00Z,https://www.npr.org/2025/05/17/nx-s1-5399795/hollywood-tariffs-movie-production-levels-los-angeles,business,amid global competition production business hollywood hurting hollywood plummeting film tv production level studio executive grassroots group pushing better incentive keep business california
Meta's Llama has reached a turning point with developers as delays and disappointment mount,"Developers told Business Insider Llama is slipping from the cutting edge, but it still has a role.",2025-05-16T09:00:02Z,https://www.businessinsider.com/meta-ai-llama-was-big-deal-developers-see-untapped-potential-2025-5,business,metas llama reached turning point developer delay disappointment mount developer told business insider llama slipping cutting edge still role
Trump says Bob Iger visited his office to discuss Disney's new theme park: 'It's going to be incredible',Trump discussed Disney's planned Abu Dhabi theme park during a roundtable with business leaders in the UAE on Friday.,2025-05-17T20:42:53Z,https://www.businessinsider.com/trump-bob-iger-disney-theme-park-abu-dhabi-2025-5,business,trump say bob iger visited office discus disney new theme park going incredible trump discussed disney planned abu dhabi theme park roundtable business leader uae friday
Building A Practical UX Strategy Framework,Learn how to create and implement a UX strategy framework that shapes work and drives real business value.,2025-05-16T11:00:00Z,https://www.smashingmagazine.com/2025/05/building-practical-ux-strategy-framework/,business,building practical ux strategy framework learn create implement ux strategy framework shape work drive real business value
The Razr Ultra proves flip phones are almost ready,"Phones that flip and fold have been The Next Big Thing so long it almost seems like they might never happen. Even as they've gotten better, faster, and more durable, devices from Google, Samsung, and others have just had too many compromises. (They also cost …",2025-05-20T13:55:07Z,https://www.theverge.com/the-vergecast/670449/razr-ultra-flip-phone-snapchat-vergecast,business,razr ultra prof flip phone almost ready phone flip fold next big thing long almost seems like might never happen even theyve gotten better faster durable device google samsung others many compromise also cost …
"Advertisers hit back at Elon Musk's ad boycott lawsuit, saying X disrupted its own business and 'alienated' customers","In a legal filing, advertisers sued by X said the suit was an attempt to use the courthouse win back business it lost.",2025-05-15T12:02:39Z,https://www.businessinsider.com/advertisers-elon-musk-x-ad-boycott-lawsuit-dismiss-2025-5,business,advertiser hit back elon musk ad boycott lawsuit saying x disrupted business alienated customer legal filing advertiser sued x said suit attempt use courthouse win back business lost
4 factors that help explain why Walmart and Home Depot are sending opposite signals on price hikes,"Walmart opened the door for retailers to hike prices over tariffs, but Home Depot doesn't plan to. Digging into each business helps explain why.",2025-05-21T09:30:02Z,https://www.businessinsider.com/why-walmart-raising-prices-home-depot-not-2025-5,business,4 factor help explain walmart home depot sending opposite signal price hike walmart opened door retailer hike price tariff home depot doesnt plan digging business help explain
"Trump's 90-day tariff pause with China is too little, too late for some US small businesses","Small business owners said that the 90-day trade deal with China isn't long enough to place shipments confidently, and ""just kind of terrifies me.""",2025-05-17T11:41:01Z,https://www.businessinsider.com/trump-90-day-tariff-deal-china-leaves-small-businesses-struggling-2025-5,business,trump 90day tariff pause china little late u small business small business owner said 90day trade deal china isnt long enough place shipment confidently kind terrifies
"5 red flags to look for in a business partner, according to an executive psychologist",Co-founder breakups can be brutal. A startup executive psychologist shared the red flags to look out for before going into business together.,2025-05-16T14:05:56Z,https://www.businessinsider.com/red-flags-bad-business-partner-co-founder-startup-relationship-2025-5,business,5 red flag look business partner according executive psychologist cofounder breakup brutal startup executive psychologist shared red flag look going business together
"Google finally launches NotebookLM mobile app at I/O: hands-on, first impressions","As NotebookLM matures, its emerging business-tier capabilities suggest growing alignment with the productivity and compliance...",2025-05-20T19:29:14Z,https://venturebeat.com/ai/google-finally-launches-notebooklm-mobile-app-at-i-o-hands-on-first-impressions/,business,google finally launch notebooklm mobile app io handson first impression notebooklm matures emerging businesstier capability suggest growing alignment productivity compliance
Here are 5 takeaways from Trump's first major foreign trip to the Middle East,"President Trump was greeted like royalty during his four-day trip to the Middle East, his first major foreign trip of this second term, where it was all about business deals and not moral leadership.",2025-05-16T18:38:05Z,https://www.npr.org/2025/05/16/nx-s1-5400447/trump-middle-east-trip-qatar-air-force-one,business,5 takeaway trump first major foreign trip middle east president trump greeted like royalty fourday trip middle east first major foreign trip second term business deal moral leadership
"The 'Final Destination: Bloodlines' scene that will make you wince the most was the actor's idea, he said","Audiences won't forget a particularly shocking scene in the new ""Final Destination"" movie in a hurry. The actor Richard Harmon told Business Insider how he helped make it even freakier.",2025-05-18T04:01:01Z,https://www.businessinsider.com/final-destination-bloodlines-mri-scene-richard-harmon-2025-5,business,final destination bloodline scene make wince actor idea said audience wont forget particularly shocking scene new final destination movie hurry actor richard harmon told business insider helped make even freakier
The Middle East Has Entered the AI Group Chat,The UAE and Saudi Arabia are investing billions in US AI infrastructure. The deals could help the US in the AI race against China.,2025-05-15T21:08:02Z,https://www.wired.com/story/trump-middle-east-artificial-intelligence-investments/,business,middle east entered ai group chat uae saudi arabia investing billion u ai infrastructure deal could help u ai race china
Town mourns firefighters and father lost in fire,A book of condolence will be opened at a council's HQ from 09:00 BST following Thursday's fire.,2025-05-19T05:16:30Z,https://www.bbc.com/news/articles/c0mr91nz3ldo,business,town mourns firefighter father lost fire book condolence opened council hq 0900 bst following thursday fire
Couple quit 9-to-5 to launch disability-led firm,Imali and Cameron Chislett said bad workplace experiences led them to set up their own business.,2025-05-20T05:21:56Z,https://www.bbc.com/news/articles/c4g34e1v2qxo?xtor=AL-72-%5Bpartner%5D-%5Byahoo.north.america%5D-%5Bheadline%5D-%5Bnews%5D-%5Bbizdev%5D-%5Bisapi%5D,business,couple quit 9to5 launch disabilityled firm imali cameron chislett said bad workplace experience led set business
"Elon Musk Is Doing Business With Actual Terrorists, Nonprofit Finds",,2025-05-18T10:30:05Z,https://consent.yahoo.com/v2/collectConsent?sessionId=1_cc-session_0ff99631-31eb-4840-8b8a-d43328c023d0,business,elon musk business actual terrorist nonprofit find nan
Worker at Mesa business dies after falling into equipment,The incident happened early May 20 near East Pecos and South Meridian roads. Fire officials believe the death to be accidental.,2025-05-20T14:10:26Z,https://www.azcentral.com/story/news/local/mesa-breaking/2025/05/20/mesa-worker-dies-falling-into-equipment/83743156007/,business,worker mesa business dy falling equipment incident happened early may 20 near east pecos south meridian road fire official believe death accidental
Riverside rats 'enjoying five star all-inclusive holiday',A pest control expert says the huge numbers of rats on the quay in Derry are enjoying near perfect conditions.,2025-05-21T05:30:27Z,https://www.bbc.com/news/articles/c62668d03ygo,business,riverside rat enjoying five star allinclusive holiday pest control expert say huge number rat quay derry enjoying near perfect condition
The Business Roundtable is MIA Against Trump’s Attacks,"CEOs are yet to collectively, and definitively, stand up to President Donald Trump's attacks against businesses.",2025-05-19T19:42:20Z,https://time.com/7286691/business-roundtable-mia-trumps-attacks/,business,business roundtable mia trump’s attack ceo yet collectively definitively stand president donald trump attack business
Npx Business Card,"While I was building ashley.dev, I wanted it to feel genuine, more like a reflection of me, and less like a standard portfolio. One of the sections I added to t...",2025-05-16T11:18:29Z,https://ashley.dev/posts/turning-feedback-into-features,business,npx business card building ashleydev wanted feel genuine like reflection less like standard portfolio one section added
Telegram's Extraordinary Business Model,Telegram has achieved what many consider impossible: a $30 billion valuation with just 30 employees and no human resources department.,2025-05-18T09:14:28Z,https://www.softpagecms.com/2025/05/18/telegrams-extraordinary-business-model/,business,telegram extraordinary business model telegram achieved many consider impossible 30 billion valuation 30 employee human resource department
Christopher Nolan’s Odyssey will be the first movie shot entirely on IMAX film,"When it launches next summer, Christopher Nolan’s adaptation of Greek epic The Odyssey will be historic in more ways than one: it will be the first feature film ever shot entirely on IMAX film. The Odyssey isn’t the first film to be shot entirely using IMAX h…",2025-05-16T11:36:50Z,https://www.theverge.com/news/668287/christopher-nolan-odyssey-imax-film-100-percent,business,christopher nolan’s odyssey first movie shot entirely imax film launch next summer christopher nolan’s adaptation greek epic odyssey historic way one first feature film ever shot entirely imax film odyssey isn’t first film shot entirely using imax h…
She launched her Korean skincare brand just as tariffs hit. These are the lessons she learned about owning a business.,"Trump announced his Liberation Day Tariffs just after 30-year-old Irene Ham spent over $60,000 on inventory to launch her Korean cosmetics brand.",2025-05-16T09:59:01Z,https://www.businessinsider.com/small-business-owner-lessons-learned-tariffs-negotiating-suppliers-cutting-costs-2025-5,business,launched korean skincare brand tariff hit lesson learned owning business trump announced liberation day tariff 30yearold irene ham spent 60000 inventory launch korean cosmetic brand
"Jay Shetty and his wife run a business together, and he says they follow this rule during dinner","""I love what I do, but when I'm with her, I just want to be with her,"" Jay Shetty said.",2025-05-19T05:00:09Z,https://www.businessinsider.com/jay-shetty-relationship-wife-no-work-talk-rule-dinner-radhi-2025-5,business,jay shetty wife run business together say follow rule dinner love im want jay shetty said
A ceramics business sees a silver lining for its resale program as tariff turmoil brings a secondhand market boom,"As tariffs bite into household budgets, Heath Ceramics sees a silver lining for its resale program amid a secondhand market boom.",2025-05-18T12:00:02Z,https://www.businessinsider.com/american-made-brand-heath-ceramics-boosts-resale-program-tariff-turmoil-2025-5,business,ceramic business see silver lining resale program tariff turmoil brings secondhand market boom tariff bite household budget heath ceramic see silver lining resale program amid secondhand market boom
"Bicester firefighter's bravery shone through, says family","Firefighters Jennie Logan and Martyn Sadler, along with father Dave Chester, died in the fire.",2025-05-20T12:38:11Z,https://www.bbc.com/news/articles/cj3jjed70zeo,business,bicester firefighter bravery shone say family firefighter jennie logan martyn sadler along father dave chester died fire
United unveils new Polaris business class cabins with huge suites — how can you book them?,,2025-05-16T16:32:25Z,https://consent.yahoo.com/v2/collectConsent?sessionId=1_cc-session_b368929f-b6de-4790-b53c-c23c2785d993,business,united unveils new polaris business class cabin huge suite — book nan
Apple is placing warnings on EU apps that don’t use App Store payments,Apple is trying to dissuade Europeans from using iOS apps that support alternative payment options by making them look scary. Daring Fireball’s John Gruber spotted that a red exclamation mark icon is being prominently displayed on the App Store listing for In…,2025-05-15T10:03:33Z,https://www.theverge.com/news/667484/apple-eu-ios-app-store-warning-payment-system,business,apple placing warning eu apps don’t use app store payment apple trying dissuade european using io apps support alternative payment option making look scary daring fireball’s john gruber spotted red exclamation mark icon prominently displayed app store listing in…
Don't Expect Many Switch 2 Reviews At Launch,"The Switch 2 is likely to be one of the biggest console launches ever, but it might be hard to find actual hands-on reviews of the device when it first comes out. That’s because Nintendo isn’t sending out early units to press and content creators, according t…",2025-05-15T13:55:00Z,https://kotaku.com/switch-2-review-day-one-patch-delay-nintendo-mario-kart-1851780793,business,dont expect many switch 2 review launch switch 2 likely one biggest console launch ever might hard find actual handson review device first come that’s nintendo isn’t sending early unit press content creator according t…
"I was making just over $250,000 at JP Morgan and quit. I had panic attacks and couldn't sleep at first, but I don't regret leaving.","Hugh Morris left his six-figure job at JP Morgan after getting a divorce at 30. He had initial regrets, but now is confident in his new venture.",2025-05-20T11:08:18Z,https://www.businessinsider.com/jp-morgan-left-job-panic-no-longer-regret-2025-5,business,making 250000 jp morgan quit panic attack couldnt sleep first dont regret leaving hugh morris left sixfigure job jp morgan getting divorce 30 initial regret confident new venture
I have 5 clear takeaways about the state of the TV business after a week of ad sales parties and presentations,"Streaming and network giants like Amazon, Disney, and NBCUniversal gathered in New York this week to make their best pitches to ad buyers.",2025-05-16T12:47:11Z,https://www.businessinsider.com/tv-ad-upfronts-week-takeaways-youtube-amazon-netflix-sports-2025-5,business,5 clear takeaway state tv business week ad sale party presentation streaming network giant like amazon disney nbcuniversal gathered new york week make best pitch ad buyer
"I met Mark Cuban before 'Shark Tank,' and he became my mentor. Here are the best business lessons he taught me.",Entrepreneur Shira Lazar shared how Mark Cuban's mentorship has impacted her media and AI career.,2025-05-16T09:07:02Z,https://www.businessinsider.com/mark-cuban-became-mentor-best-business-lessons-media-ai-2025-5,business,met mark cuban shark tank became mentor best business lesson taught entrepreneur shira lazar shared mark cuban mentorship impacted medium ai career
"My $5,000-a-week cabin on Norwegian's new cruise ship was better than a luxury hotel","The Haven is Norwegian's ultra-luxury ""ship within a ship"" concept. A starter penthouse comes with a butler, a giant balcony, and a hefty cost.",2025-05-15T17:01:45Z,https://www.businessinsider.com/norwegian-aqua-cruise-ship-haven-balcony-suite-better-than-hotel-2025-5,business,5000aweek cabin norwegian new cruise ship better luxury hotel norwegian ultraluxury ship within ship concept starter penthouse come butler giant balcony hefty cost
"I hung out in a VIP lounge on an adults-only cruise ship and saw how suite passengers who pay at least $8,000 vacation","The adults-only cruise line Virgin Voyages has a VIP lounge for suite guests paying at least $8,000. It has crowd-free pools and a full-service bar.",2025-05-20T15:57:28Z,https://www.businessinsider.com/adults-only-cruise-virgin-voyages-richards-rooftop-vip-lounge-tour,business,hung vip lounge adultsonly cruise ship saw suite passenger pay least 8000 vacation adultsonly cruise line virgin voyage vip lounge suite guest paying least 8000 crowdfree pool fullservice bar
A Silicon Valley VC Says He Got the IDF Starlink Access Within Days of October 7 Attack,Sequoia Capital partner Shaun Maguire said in a webinar hosted by Israel’s Defense Ministry that he connected the IDF with SpaceX’s Starlink satellite internet far sooner than believed.,2025-05-19T16:37:18Z,https://www.wired.com/story/shaun-maguire-starlink-idf-israel-gaza/,business,silicon valley vc say got idf starlink access within day october 7 attack sequoia capital partner shaun maguire said webinar hosted israel’s defense ministry connected idf spacex’s starlink satellite internet far sooner believed
Gateway Books: The lessons of a defunct canon,"It has to start somewhere, this business of being an intellectual. Chances are, it doesn’t start well.",2025-05-15T16:23:17Z,https://thepointmag.com/examined-life/gateway-books/,business,gateway book lesson defunct canon start somewhere business intellectual chance doesn’t start well
Seagate claims spinning disks beat SSDs on carbon footprint – Blocks and Files,A Seagate Decarbonizing Data report says energy usage is a top concern for more than half of business leaders.,2025-05-19T08:45:48Z,https://blocksandfiles.com/2025/04/16/seagate-decarbonizing-data-report/,business,seagate claim spinning disk beat ssds carbon footprint – block file seagate decarbonizing data report say energy usage top concern half business leader
"Norwegian is vying for solo travelers with these tiny $1,880 single-person cabins on its latest giant cruise ship","Norwegian is leading the solo cruise travel boom. Its latest ship, Norwegian Aqua, has 93 single-person cabins with access to a shared lounge.",2025-05-17T10:55:01Z,https://www.businessinsider.com/norwegian-solo-cruise-cabin-photos-2025-5,business,norwegian vying solo traveler tiny 1880 singleperson cabin latest giant cruise ship norwegian leading solo cruise travel boom latest ship norwegian aqua 93 singleperson cabin access shared lounge
Netflix Will Show Generative AI Ads Midway Through Streams In 2026,"At its second annual Upfront 2025 event yesterday, Netflix announced that it has created interactive mid-roll ads and pause ads that incorporate generative AI. These new ad formats are expected to roll out in 2026. Ars Technica reports: ""[Netflix] members pay…",2025-05-15T22:40:00Z,https://slashdot.org/story/25/05/15/2039216/netflix-will-show-generative-ai-ads-midway-through-streams-in-2026,business,netflix show generative ai ad midway stream 2026 second annual upfront 2025 event yesterday netflix announced created interactive midroll ad pause ad incorporate generative ai new ad format expected roll 2026 ar technica report netflix member pay…
"AI-Powered Galaxy Buds3 Pro Have Hit an All-Time Low Price, Amazon Clears Out Samsung’s Stock","If you're searching for earbuds that outperform the rest and fit easily into your life, now is the time to make the switch.",2025-05-20T16:40:05Z,https://gizmodo.com/ai-powered-galaxy-buds3-pro-have-hit-an-all-time-low-price-amazon-clears-out-samsungs-stock-2000604712,business,aipowered galaxy buds3 pro hit alltime low price amazon clear samsung’s stock youre searching earbuds outperform rest fit easily life time make switch
Thinking of making a big financial decision? BI breaks down how to do it during uncertainty.,"From retirement to buying a car, BI examines whether it's a good or bad time to make these big life decisions.",2025-05-16T13:02:11Z,https://www.businessinsider.com/big-financial-decision-uncertainty-tariffs-retirement-house-job-2025-5,business,thinking making big financial decision bi break uncertainty retirement buying car bi examines whether good bad time make big life decision
I'm a New Yorker who went to Vancouver for the first time. 7 things surprised me.,"My first trip to Vancouver, British Columbia, Canada, was full of surprises, from the lush forests to the floating gas station.",2025-05-20T11:12:01Z,https://www.businessinsider.com/new-yorker-first-trip-vancouver-canada-surprises-2025-5,business,im new yorker went vancouver first time 7 thing surprised first trip vancouver british columbia canada full surprise lush forest floating gas station
"Spain Blocks More Than 65,000 Airbnb Holiday Rental Listings","Spain has ordered Airbnb to remove over 65,000 listings that violate rental regulations, citing missing license numbers and unclear ownership details. The crackdown is part of a broader government effort to address the country's housing crisis, which many bla…",2025-05-20T23:20:00Z,https://slashdot.org/story/25/05/20/226218/spain-blocks-more-than-65000-airbnb-holiday-rental-listings,business,spain block 65000 airbnb holiday rental listing spain ordered airbnb remove 65000 listing violate rental regulation citing missing license number unclear ownership detail crackdown part broader government effort address country housing crisis many bla…
Biggest moments from inside the Diddy trial courtroom,"Sean ""Diddy"" Combs is on trial. From Kid Cudi's relationship with Cassie to her settlement, here are the most striking revelations so far.",2025-05-16T19:28:49Z,https://www.businessinsider.com/biggest-moments-from-inside-the-diddy-trial-courtroom-2025-5,business,biggest moment inside diddy trial courtroom sean diddy comb trial kid cudis relationship cassie settlement striking revelation far
5 early symptoms of prostate cancer,"Former President Joe Biden has been diagnosed with ""aggressive"" prostate cancer. Here are five symptoms of prostate cancer that are easy to miss.",2025-05-19T19:38:59Z,https://www.businessinsider.com/five-early-symptoms-of-prostate-cancer-2025-5,business,5 early symptom prostate cancer former president joe biden diagnosed aggressive prostate cancer five symptom prostate cancer easy miss
"Inside Asia's biggest tech trade show, where Nvidia's 'Jensen' is the hottest name drop","Nvidia dominates the Computex trade show in Taiwan, where CEO Jensen Huang is massively popular.",2025-05-21T09:21:19Z,https://www.businessinsider.com/computex-taiwan-nvidia-jensen-huang-ai-tech-taipei-semiconductor-chips-2025-5,business,inside asia biggest tech trade show nvidias jensen hottest name drop nvidia dominates computex trade show taiwan ceo jensen huang massively popular
Dairy Queen CEO explains what a job interview with Warren Buffett is like,"Dairy Queen CEO Troy Bader told BI he was anxious but excited to interview with Warren Buffett, and shared two big takeaways from their conversation.",2025-05-18T10:03:01Z,https://www.businessinsider.com/warren-buffett-dairy-queen-ceo-bader-job-interview-berkshire-passion-2025-5,business,dairy queen ceo explains job interview warren buffett like dairy queen ceo troy bader told bi anxious excited interview warren buffett shared two big takeaway conversation
Apple’s Deirdre O’Brien among Fortune’s 100 Most Powerful Women in Business,"Today, Fortune revealed its 2025 list of the Most Powerful Women in Business, and Apple’s SVP of Retail + People, Deirdre O’Brien, has once again secured her spot.



 more…",2025-05-20T19:22:37Z,https://9to5mac.com/2025/05/20/deirdre-obrien-fortune-100-most-powerful-women-in-business/,business,apple’s deirdre o’brien among fortune’s 100 powerful woman business today fortune revealed 2025 list powerful woman business apple’s svp retail people deirdre o’brien secured spot more…
You're probably not going to speak to a glitching AI bot on your next job interview,"Glitching AI job interviews have gone viral on TikTok, but they are rare and likely staged, experts say.",2025-05-17T00:00:01Z,https://www.businessinsider.com/job-interview-glitching-ai-bot-tiktok-viral-recruitment-2025-5,business,youre probably going speak glitching ai bot next job interview glitching ai job interview gone viral tiktok rare likely staged expert say
Why cruises want to take you to a private island instead of showing you the world,"Cruises used to be a convenient way to see the world. Now, cruise lines would rather you see their amusement park-like islands.",2025-05-20T09:30:01Z,https://www.businessinsider.com/why-cruise-lines-love-private-islands-royal-caribbean-carnival-2025-5,business,cruise want take private island instead showing world cruise used convenient way see world cruise line would rather see amusement parklike island
Treasury Secretary Scott Bessent says Trump's 'strategic uncertainty' is a negotiating tactic,"""So, if we were to give too much certainty to the other countries, then they would play us in the negotiations,"" Bessent said of ongoing trade talks.",2025-05-19T04:56:37Z,https://www.businessinsider.com/scott-bessent-trump-strategic-uncertainty-negotiating-tactic-2025-5,business,treasury secretary scott bessent say trump strategic uncertainty negotiating tactic give much certainty country would play u negotiation bessent said ongoing trade talk
Elon Musk's xAI says Grok kept talking about 'white genocide' because an 'unauthorized modification' was made on the backend,"""This change, which directed Grok to provide a specific response on a political topic, violated xAI's internal policies and core values,"" xAI said.",2025-05-16T02:27:52Z,https://www.businessinsider.com/musks-xai-unauthorized-modification-made-grok-talk-white-genocide-2025-5,business,elon musk xai say grok kept talking white genocide unauthorized modification made backend change directed grok provide specific response political topic violated xais internal policy core value xai said
"Bookings for cargo shipping spiked this week — but it may not last, a shipping CEO said",Container-tracking software provider Vizion said on Wednesday that US-China container bookings surged 277% in the week from May 5.,2025-05-15T08:20:21Z,https://www.businessinsider.com/container-cargo-shipping-bookings-spiked-after-us-china-tariff-truce-2025-5,business,booking cargo shipping spiked week — may last shipping ceo said containertracking software provider vizion said wednesday uschina container booking surged 277 week may 5
"Instagram is offering creators up to $20,000 to bring people to the app","Instagram is testing a limited-time monetization program called ""Referrals"" in the US.",2025-05-19T21:02:19Z,https://www.businessinsider.com/instagram-paying-creators-hundreds-dollars-drive-traffic-new-sign-ups-2025-5,business,instagram offering creator 20000 bring people app instagram testing limitedtime monetization program called referral u
Electric ships are here — but they won't be crossing oceans yet,"This month's launch of Hull 096 shows that ferries are going electric too, although challenges remain, Incat founder Robert Clifford tells BI.",2025-05-19T09:25:04Z,https://www.businessinsider.com/electric-ships-incat-ferry-tasmania-challenges-batteries-oceans-2025-5,business,electric ship — wont crossing ocean yet month launch hull 096 show ferry going electric although challenge remain incat founder robert clifford tell bi
Elon Musk says Tesla robotaxis will be geo-fenced and avoid some intersections after being asked about FSD running a red light,Elon Musk said Tesla's robotaxis will avoid certain intersections in Austin after being asked about a BI report that showed FSD running a red light.,2025-05-20T22:25:07Z,https://www.businessinsider.com/elon-musk-tesla-robotaxi-austin-geofenced-intersections-fsd-red-light-2025-5,business,elon musk say tesla robotaxis geofenced avoid intersection asked fsd running red light elon musk said tesla robotaxis avoid certain intersection austin asked bi report showed fsd running red light
Elon Musk says there's 'no need' for Tesla to buy Uber since Tesla owners could one day join its autonomous fleet,"Elon Musk said he has no plans to purchase the ride share app, Uber, saying Tesla owners will be able to lend their car to Tesla's autonomous fleet.",2025-05-20T22:23:29Z,https://www.businessinsider.com/no-need-tesla-buy-uber-elon-musk-2025-5,business,elon musk say there need tesla buy uber since tesla owner could one day join autonomous fleet elon musk said plan purchase ride share app uber saying tesla owner able lend car tesla autonomous fleet
JPMorgan is the latest company to tout AI as a way to help slow hiring,Artificial intelligence might not take your current job. But there's a chance it'll make finding your next one pretty hard.,2025-05-20T13:24:02Z,https://www.businessinsider.com/jpmorgan-using-ai-help-hiring-jamie-dimon-stagflation-2025-5,business,jpmorgan latest company tout ai way help slow hiring artificial intelligence might take current job there chance itll make finding next one pretty hard
"I own a reselling business with my wife, and our sales are booming thanks to tariffs. I can't attribute this growth to anything else.",,2025-05-17T12:37:02Z,https://consent.yahoo.com/v2/collectConsent?sessionId=1_cc-session_ef4c4a4c-9c6b-4870-b233-199efab94102,business,reselling business wife sale booming thanks tariff cant attribute growth anything else nan
The 'peacock of Savile Row' on dressing stars for the Met Gala,Ozwald Boateng's four decades of experience was on show at the fashion world's biggest event.,2025-05-17T00:06:08Z,https://www.bbc.com/news/articles/c80kez3pxzvo,business,peacock savile row dressing star met gala ozwald boatengs four decade experience show fashion world biggest event
How texts from EncroChat helped uncover prison workers affair with drug boss,The 42-year-old was considered a rising star in the prison service.,2025-05-16T15:37:47Z,https://www.bbc.com/news/articles/cm2374epmmgo,business,text encrochat helped uncover prison worker affair drug bos 42yearold considered rising star prison service
"Delta Can Sue CrowdStrike Over Global Outage That Caused 7,000 Canceled Flights","Delta can pursue much of its lawsuit seeking to hold cybersecurity company CrowdStrike liable for a massive computer outage last July that caused the carrier to cancel 7,000 flights, a Georgia state judge ruled. From a report: In a decision on Friday, Judge K…",2025-05-20T19:55:00Z,https://slashdot.org/story/25/05/20/1955255/delta-can-sue-crowdstrike-over-global-outage-that-caused-7000-canceled-flights,business,delta sue crowdstrike global outage caused 7000 canceled flight delta pursue much lawsuit seeking hold cybersecurity company crowdstrike liable massive computer outage last july caused carrier cancel 7000 flight georgia state judge ruled report decision friday judge k…
The secretive US factory that lays bare the contradiction in Trump's America First plan,An exclusive look inside the closely guarded factory Trump wants to become a foundation stone for his American golden age. But the company story exemplifies the success of modern globalisation,2025-05-18T21:55:21Z,https://www.bbc.com/news/articles/cwywj0zgzwxo,business,secretive u factory lay bare contradiction trump america first plan exclusive look inside closely guarded factory trump want become foundation stone american golden age company story exemplifies success modern globalisation
Tech companies want humans to help level up AI models. What's your price for training them?,"The humanization of AI is turning into a nice side hustle, and it's an interesting dilemma for the humans paid to train them.",2025-05-15T11:56:18Z,https://www.businessinsider.com/what-your-price-training-ai-models-chatbots-meta-dilemma-2025-5,business,tech company want human help level ai model whats price training humanization ai turning nice side hustle interesting dilemma human paid train
"Life lessons from 90-year-olds who are still working, active, and financially savvy","A half dozen workers in their 90s said working gives them purpose and drive. Still, some said work is essential to make ends meet.",2025-05-18T08:30:01Z,https://www.businessinsider.com/90-year-olds-still-working-retirement-jobs-financially-savvy-active-2025-5,business,life lesson 90yearolds still working active financially savvy half dozen worker 90 said working give purpose drive still said work essential make end meet
Why UnitedHealth's terrible year is dragging down the Dow,The health care giant's shares are down more than 50% in the last month. That's hurting the powerful U.S. stock-market index.,2025-05-16T09:00:00Z,https://www.npr.org/2025/05/16/nx-s1-5399539/unitedhealth-stock-dow-jones,business,unitedhealths terrible year dragging dow health care giant share 50 last month thats hurting powerful u stockmarket index
"Thanks, Trump tariffs, now I gotta replace my phone battery","After five years, I was still happy with my phone, even though its battery had started the inevitable process of slowing to a stop. But Donald Trump's tariff nonsense pushed me to make a decision: buy a new phone or fix the old one now, before the prices go u…",2025-05-15T20:02:59Z,https://www.theverge.com/apple/667904/trump-tariff-iphone-shortage-battery-repair,business,thanks trump tariff gotta replace phone battery five year still happy phone even though battery started inevitable process slowing stop donald trump tariff nonsense pushed make decision buy new phone fix old one price go u…
"VW changed its culture and embraced Rivian's 'startup DNA' in its partnership with the Tesla rival, software chief says",Rivian and VW struck a $5 billion deal last year to form a joint venture to develop next-generation EV technology.,2025-05-18T10:25:02Z,https://www.businessinsider.com/rivian-software-chief-vw-has-embraced-tesla-rivals-startup-dna-2025-5,business,vw changed culture embraced rivians startup dna partnership tesla rival software chief say rivian vw struck 5 billion deal last year form joint venture develop nextgeneration ev technology
Sam Altman mocks Grok for inserting mentions of 'white genocide in South Africa' in unrelated X posts,"Sam Altman made fun of Grok's controversial 'white genocide' mentions on X, perhaps escalating his feud with Elon Musk.",2025-05-15T18:19:21Z,https://www.businessinsider.com/sam-altman-mocks-grok-over-controversial-white-genocide-comments-2025-5,business,sam altman mock grok inserting mention white genocide south africa unrelated x post sam altman made fun groks controversial white genocide mention x perhaps escalating feud elon musk
The latest iPhone is now heavily discounted on some Chinese e-commerce websites amid Apple's declining sales in China,Chinese e-commerce sites have slashed the price of some iPhones ahead of a festival. Apple faces declining sales in China as local brands gain market share.,2025-05-15T03:09:44Z,https://www.businessinsider.com/latest-apple-iphone-sees-big-discounts-chinese-e-commerce-sites-2025-5,business,latest iphone heavily discounted chinese ecommerce website amid apple declining sale china chinese ecommerce site slashed price iphones ahead festival apple face declining sale china local brand gain market share
"Trump says the 'beautiful' F-22 Raptor is getting a big upgrade, saying 'we're going to be doing an F-22 Super'",President Trump also accused China of copying the F-22 stealth fighter jet but said it can't copy the engines.,2025-05-15T14:06:03Z,https://www.businessinsider.com/trump-says-f-22-raptor-is-getting-a-super-upgrade-2025-5,business,trump say beautiful f22 raptor getting big upgrade saying going f22 super president trump also accused china copying f22 stealth fighter jet said cant copy engine
Bernie Sanders warns Shari Redstone 'not to capitulate' to Trump after the head of CBS News resigned,"Bernie Sanders said that the latest shake-up at CBS News shows ""enough is enough.""",2025-05-19T19:54:33Z,https://www.businessinsider.com/bernie-sanders-shari-redstone-cbs-news-paramount-merger-2025-5,business,bernie sander warns shari redstone capitulate trump head cbs news resigned bernie sander said latest shakeup cbs news show enough enough
Got kids? You're the sort of customer Uber Eats and DoorDash really want,"Families tend to use services like Uber and DoorDash more often than other groups for rides and deliveries, a TransUnion survey found.",2025-05-19T15:06:14Z,https://www.businessinsider.com/uber-eats-doordash-households-kids-family-deals-2025-5,business,got kid youre sort customer uber eats doordash really want family tend use service like uber doordash often group ride delivery transunion survey found
"Anduril gave everyone a behind-the-scenes look at Fury, its AI fighter built to fly with America's most fearsome aircraft","The Fury was recently unveiled by the US Air Force, but new clips show the drone being assembled by engineers in a warehouse with screwdrivers.",2025-05-19T07:31:32Z,https://www.businessinsider.com/anduril-fury-drone-behind-scenes-us-air-force-collaborative-aircraft-2025-5,business,anduril gave everyone behindthescenes look fury ai fighter built fly america fearsome aircraft fury recently unveiled u air force new clip show drone assembled engineer warehouse screwdriver
"Want to be an AI researcher? Being a contrarian helps, says 'Godfather of AI'","Geoffrey Hinton, who was awarded the 2024 Nobel Prize in Physics, said you should strive to improve on things you think everyone else is doing wrong.",2025-05-20T09:59:01Z,https://www.businessinsider.com/geoffrey-hinton-contrarians-make-good-ai-researchers-2025-5,business,want ai researcher contrarian help say godfather ai geoffrey hinton awarded 2024 nobel prize physic said strive improve thing think everyone else wrong
Spotify takes down 'podcasts' peddling opioids,"Spotify removed at least 200 podcasts promoting opioid sales after BI found some linked to online ""pharmacies"" offering drugs without prescriptions.",2025-05-15T13:25:10Z,https://www.businessinsider.com/spotify-takes-down-podcasts-peddling-drugs-opioids-2025-5,business,spotify take podcasts peddling opioids spotify removed least 200 podcasts promoting opioid sale bi found linked online pharmacy offering drug without prescription
Microsoft just taught its AI agents to talk to each other—and it could transform how we work,"Microsoft unveils multi-agent systems, WhatsApp integration, and Python-powered analytics for Copilot Studio at Build 2025, transforming how enterprises build and deploy AI solutions.",2025-05-19T16:01:00Z,https://venturebeat.com/ai/microsoft-just-taught-its-ai-agents-to-talk-to-each-other-and-it-could-transform-how-we-work/,business,microsoft taught ai agent talk other—and could transform work microsoft unveils multiagent system whatsapp integration pythonpowered analytics copilot studio build 2025 transforming enterprise build deploy ai solution
I was on a flight - but British Airways told me I wasn't,A BBC reporter's trip to Madrid was going smoothly - until she landed and things unravelled.,2025-05-16T23:39:20Z,https://www.bbc.com/news/articles/cp3q5kqj80vo,business,flight british airway told wasnt bbc reporter trip madrid going smoothly landed thing unravelled
"Uber's robotaxi chief says the company will still need human drivers, but their jobs will look very different",Uber SVP Andrew Macdonald said human drivers will soon face serious competition from self-driving taxis in city centers.,2025-05-15T11:59:00Z,https://www.businessinsider.com/robotaxis-change-role-of-human-drivers-uber-chief-says-2025-5,business,ubers robotaxi chief say company still need human driver job look different uber svp andrew macdonald said human driver soon face serious competition selfdriving taxi city center
People are working harder and longer. Here's how to avoid burning out.,"Quiet quitting is victim blaming, says an organizational psychologist. People are actually working harder and longer until they can't take it anymore.",2025-05-20T08:47:02Z,https://www.businessinsider.com/how-avoid-burnout-hybrid-remote-work-switching-off-intensification-jobs-2025-5,business,people working harder longer here avoid burning quiet quitting victim blaming say organizational psychologist people actually working harder longer cant take anymore
"Internal Microsoft memo reveals plans for a new 'Tenant Copilot,' and an 'Agent Factory' concept","Jay Parikh, a former Facebook execute who joined Microsoft last year, has been working on these new AI initiatives.",2025-05-16T09:00:02Z,https://www.businessinsider.com/microsoft-tenant-copilot-ai-agent-factory-2025-5,business,internal microsoft memo reveals plan new tenant copilot agent factory concept jay parikh former facebook execute joined microsoft last year working new ai initiative
Trump says he had a 'little problem with Tim Cook' over Apple's India expansion,The president said he doesn't want Apple to shift its production to India. The iPhone maker is grappling with tough tariff measures on China.,2025-05-15T09:40:23Z,https://www.businessinsider.com/donald-trump-apple-tim-cook-india-qatar-china-2025-5,business,trump say little problem tim cook apple india expansion president said doesnt want apple shift production india iphone maker grappling tough tariff measure china
Video shows Ben & Jerry's cofounder being removed from Senate committee hearing and arrested after Gaza protest,The Ben & Jerry's cofounder Ben Cohen was removed from a committee hearing and arrested after protesters interrupted Robert F. Kennedy Jr.,2025-05-15T14:26:03Z,https://www.businessinsider.com/ben-jerrys-cofounder-ben-cohen-arrested-senate-hearing-protest-gaza-2025-5,business,video show ben jerry cofounder removed senate committee hearing arrested gaza protest ben jerry cofounder ben cohen removed committee hearing arrested protester interrupted robert f kennedy jr
Ryanair's CEO slammed 'very lazy airport directors' in Ukraine and a 'lunatic Spanish minister's' luggage guidelines,"Michael O'Leary took to the company's earnings call to call out a ""lunatic Spanish minister"" and ""lazy airport directors in Ukraine.""",2025-05-20T07:34:09Z,https://www.businessinsider.com/ryanair-ceo-slams-ukraine-airports-lunatic-spanish-minister-2025-5,business,ryanairs ceo slammed lazy airport director ukraine lunatic spanish minister luggage guideline michael oleary took company earnings call call lunatic spanish minister lazy airport director ukraine
Elon Musk says he will still be dropping in on the White House 'for a couple days every few weeks',"Musk said he will be ""helpful where I can be helpful.""",2025-05-21T07:45:58Z,https://www.businessinsider.com/elon-musk-still-drop-in-white-house-now-and-then-2025-5,business,elon musk say still dropping white house couple day every week musk said helpful helpful
Satya Nadella said DeepSeek's R1 was the first AI model he saw coming close to OpenAI's,"""DeepSeek, and R1 in particular, was the first model I've seen post some points,"" Nadella said.",2025-05-16T05:02:02Z,https://www.businessinsider.com/satya-nadella-deepseek-r1-first-ai-model-come-close-openai-2025-5,business,satya nadella said deepseeks r1 first ai model saw coming close openais deepseek r1 particular first model ive seen post point nadella said
Netflix co-CEO Ted Sarandos tells BI what he thinks of the HBO Max rebrand,Netflix's co-CEO weighed in on Warner Bros. Discovery's decision to revert to HBO Max branding. The streamer used to be called Max.,2025-05-15T13:16:26Z,https://www.businessinsider.com/netflix-ceo-ted-sarandos-said-hbo-max-return-makes-sense-2025-5,business,netflix coceo ted sarandos tell bi think hbo max rebrand netflixs coceo weighed warner bros discovery decision revert hbo max branding streamer used called max
"Jamie Dimon still won't say who'll succeed him as JPMorgan's CEO, only that there's a 'very deep bench'","""If I'm here for four more years and maybe two more or three, executive chair or chairman, that's a long time,"" Dimon said.",2025-05-20T09:13:44Z,https://www.businessinsider.com/jamie-dimon-will-not-say-who-succeeding-jpmorgan-ceo-2025-5,business,jamie dimon still wont say wholl succeed jpmorgans ceo there deep bench im four year maybe two three executive chair chairman thats long time dimon said
Google chief scientist predicts AI could perform at the level of a junior coder in a year,"Jeff Dean, Google's Chief Scientist, said AI will have to learn more than basic coding before it's operating at the level of a junior engineer.",2025-05-19T08:47:02Z,https://www.businessinsider.com/google-boss-ai-junior-coder-within-a-year-2025-5,business,google chief scientist predicts ai could perform level junior coder year jeff dean google chief scientist said ai learn basic coding operating level junior engineer
Billionaire Barry Diller said Elon Musk's popularity decline was 'swift' since they shared a box at the US Open,"Media mogul Barry Diller recalled how the crowd loved Elon Musk at the US Open in September, but he isn't so sure they'd still feel that way in 2025.",2025-05-19T19:18:57Z,https://www.businessinsider.com/elon-musk-celebrity-status-changed-trump-barry-diller-2025-5,business,billionaire barry diller said elon musk popularity decline swift since shared box u open medium mogul barry diller recalled crowd loved elon musk u open september isnt sure theyd still feel way 2025
Tesla battery supplier CATL pops in its first day of Hong Kong trading,"CATL, the world's largest battery maker, rose 13% in its Hong Kong trading debut on Tuesday.",2025-05-20T03:36:31Z,https://www.businessinsider.com/tesla-supplier-catl-pops-hong-kong-offering-trading-stock-price-2025-5,business,tesla battery supplier catl pop first day hong kong trading catl world largest battery maker rose 13 hong kong trading debut tuesday
Take-Two CEO calls 'Grand Theft Auto VI' the 'most-anticipated entertainment property of all time',Take-Two CEO Strauss Zelnick called 'Grand Theft Auto VI' the 'most-anticipated entertainment property of all time' in an earnings call Thursday.,2025-05-15T22:00:22Z,https://www.businessinsider.com/grand-theft-auto-vi-delay-take-two-earnings-stock-2025-5,business,taketwo ceo call grand theft auto vi mostanticipated entertainment property time taketwo ceo strauss zelnick called grand theft auto vi mostanticipated entertainment property time earnings call thursday
Elton John is furious about plans to let Big Tech train AI on artists' work for free,"Elton John blasted the UK government over an AI bill, accusing it of betraying artists by letting Big Tech use work for free.",2025-05-18T13:04:21Z,https://www.businessinsider.com/elton-john-uk-government-ai-legislation-artists-copyright-2025-5,business,elton john furious plan let big tech train ai artist work free elton john blasted uk government ai bill accusing betraying artist letting big tech use work free
How 4 Business Owners Are Handling Tariffs on China,"An easing in President Trump’s tariffs on Chinese goods gave businesses some breathing room. Long-term planning, though, is still on pause.",2025-05-15T15:55:53Z,https://www.nytimes.com/2025/05/15/business/tariffs-small-business.html,business,4 business owner handling tariff china easing president trump’s tariff chinese good gave business breathing room longterm planning though still pause
Tell Us How the Tariff Uncertainty Is Affecting Your Business,The New York Times wants to talk to business owners about President Trump’s trade war.,2025-05-21T05:29:21Z,https://www.nytimes.com/2025/05/21/business/trump-tariffs-asia-businesses.html,business,tell u tariff uncertainty affecting business new york time want talk business owner president trump’s trade war
‘Business Ideas’ Review: A Parable in a Cute Cafe,"Milo Cramer’s new comedy about work, survival and the quest for a meaningful life opens Clubbed Thumb’s venerable Summerworks festival.",2025-05-21T20:30:11Z,https://www.nytimes.com/2025/05/21/theater/business-ideas-review-clubbed-thumb.html,business,‘business ideas’ review parable cute cafe milo cramer’s new comedy work survival quest meaningful life open clubbed thumb’s venerable summerworks festival
The Booming Business of Returned Products,"As retailers slow down orders for foreign goods because of tariffs, companies that recirculate overstocked or returned items may help fill the gap.",2025-05-15T09:03:32Z,https://www.nytimes.com/2025/05/15/business/tariffs-returns-reverse-logistics.html,business,booming business returned product retailer slow order foreign good tariff company recirculate overstocked returned item may help fill gap
C.E.O.s Hold Their Tongues to Avoid Attracting Trump’s Anger,Public companies are obligated to tell investors how tariffs could affect corporate financial results. But some are trying to do it with euphemisms to avoid the president’s anger.,2025-05-21T17:24:19Z,https://www.nytimes.com/2025/05/21/business/trump-tariffs-ceos-prices.html,business,ceo hold tongue avoid attracting trump’s anger public company obligated tell investor tariff could affect corporate financial result trying euphemism avoid president’s anger
"Monroe Milstein, Burlington Coat Factory Founder, Dies at 98","His was not exactly a rags-to-riches story, but his family made $1.3 billion from an original down payment of $75,000 in savings.",2025-05-21T18:31:29Z,https://www.nytimes.com/2025/05/21/business/monroe-milstein-dead.html,business,monroe milstein burlington coat factory founder dy 98 exactly ragstoriches story family made 13 billion original payment 75000 saving
"The Miners Who Lost Their Jobs, but Not Their Faith in Trump’s Tariffs","With demand for steel down and a trade war underway, miners in the Iron Range of Minnesota are feeling the hit. But they hope better times are ahead.",2025-05-18T09:00:17Z,https://www.nytimes.com/2025/05/18/business/trump-tariffs-mining-steel.html,business,miner lost job faith trump’s tariff demand steel trade war underway miner iron range minnesota feeling hit hope better time ahead
Data Centers’ Hunger for Energy Could Raise All Electric Bills,"Individuals and small businesses may end up bearing some of the cost of grid upgrades needed for large electricity users, a new report found.",2025-05-16T14:26:43Z,https://www.nytimes.com/2025/05/16/business/energy-environment/data-centers-utilities-electricity-bills.html,business,data centers’ hunger energy could raise electric bill individual small business may end bearing cost grid upgrade needed large electricity user new report found
Syrian Business Owners Energized by U.S. Promise to Lift Sanctions,"Since the overthrow of the dictator Bashar al-Assad, business owners have been waiting for Washington to ease sanctions and pave the way for an economic renewal.",2025-05-15T09:11:04Z,https://www.nytimes.com/2025/05/15/world/middleeast/syria-economy-trump-sanctions.html,business,syrian business owner energized u promise lift sanction since overthrow dictator bashar alassad business owner waiting washington ease sanction pave way economic renewal
"No, You Don’t Actually Have a Right to a Bank Account","There is a degree of political agreement over so-called debanking, but no easy answers to the hot topic in Washington.",2025-05-15T09:00:08Z,https://www.nytimes.com/2025/05/15/business/trump-debanking-crypto.html,business,don’t actually right bank account degree political agreement socalled debanking easy answer hot topic washington
UK private sector shrinking as firms cut jobs; pressure to raise taxes as government borrowing jumps – business live,Rolling coverage of the latest economic and financial news,2025-05-22T10:08:53Z,https://www.theguardian.com/business/live/2025/may/22/uk-government-borrowing-jumps-april-rachel-reeves-bonds-inflation-economy-business-live-news,business,uk private sector shrinking firm cut job pressure raise tax government borrowing jump – business live rolling coverage latest economic financial news
Government considers sale of Brexit border checkpoint in Kent – reports,New trade deal with EU could make 41 border control posts built after Brexit redundant,2025-05-22T09:46:01Z,https://www.theguardian.com/business/2025/may/22/government-considers-sale-of-brexit-border-checkpoint-in-kent-reports,business,government considers sale brexit border checkpoint kent – report new trade deal eu could make 41 border control post built brexit redundant
Jump in UK borrowing shows Rachel Reeves needs to relax her strict budget rules,"As pressure grows on chancellor to rethink constraints she imposed on herself, No 10 adds to her problems",2025-05-22T09:13:41Z,https://www.theguardian.com/business/2025/may/22/jump-in-uk-borrowing-shows-rachel-reeves-needs-to-relax-her-strict-budget-rules,business,jump uk borrowing show rachel reef need relax strict budget rule pressure grows chancellor rethink constraint imposed 10 add problem
Will cyber-attack threaten M&S’s hard-won return to fashion relevance?,Disruption to online shopping could derail retailer’s successful pivot to cater to fashion-focused customers,2025-05-22T07:00:52Z,https://www.theguardian.com/business/2025/may/22/marks-spencer-cyber-attack-fashion-analysis,business,cyberattack threaten ms’s hardwon return fashion relevance disruption online shopping could derail retailer’s successful pivot cater fashionfocused customer
"UK borrowing rises to £20.2bn, putting pressure on Rachel Reeves",April figure more than expected and comes despite increase in employer national insurance contributions,2025-05-22T06:13:09Z,https://www.theguardian.com/business/2025/may/22/uk-government-borrowing-april-rachel-reeves,business,uk borrowing rise £202bn putting pressure rachel reef april figure expected come despite increase employer national insurance contribution
WeightWatchers scraps business model to team up with anti-obesity drugs provider,Brand shifts away from dieting towards weight-loss injections after filing for bankruptcy in the US,2025-05-22T06:00:50Z,https://www.theguardian.com/business/2025/may/22/weightwatchers-scraps-business-model-to-team-up-with-anti-obesity-drugs-provider,business,weightwatchers scrap business model team antiobesity drug provider brand shift away dieting towards weightloss injection filing bankruptcy u
HSBC high street bank staff face bonus cuts over remote working,Bank’s UK division hardens hybrid working policy with requirement to spend at least 60% of time in office,2025-05-21T17:58:46Z,https://www.theguardian.com/business/2025/may/21/hsbc-high-street-staff-face-bonus-cut-if-they-dont-come-into-work-enough,business,hsbc high street bank staff face bonus cut remote working bank’s uk division hardens hybrid working policy requirement spend least 60 time office
Liberty Steel has not produced anything at two key plants since July 2024,Lack of work at Rotherham and Motherwell sites highlights financial crisis at UK’s third-biggest steel producer,2025-05-21T16:35:43Z,https://www.theguardian.com/business/2025/may/21/liberty-steel-has-not-produced-anything-at-two-key-plants-since-july-2024,business,liberty steel produced anything two key plant since july 2024 lack work rotherham motherwell site highlight financial crisis uk’s thirdbiggest steel producer
The cyber-attack is costly and embarrassing. But M&S should pull through,"If £300m can be whittled down to £150m, it’s a big hit but still a long way from upsetting M&amp;S’s broader revival",2025-05-21T16:16:43Z,https://www.theguardian.com/business/nils-pratley-on-finance/2025/may/21/cyber-attack-costly-embarrassing-but-ms-should-pull-through,business,cyberattack costly embarrassing m pull £300m whittled £150m it’s big hit still long way upsetting mamps’s broader revival
"You would think after nearly three years of being wrong, the RBA might start to question its economics. But no | Greg Jericho","Now that inflation is back within the target range, suddenly the RBA has rediscovered that it is supposed to also care about full employment",2025-05-21T15:00:34Z,https://www.theguardian.com/business/grogonomics/2025/may/22/rba-inflation-interest-rates-cut-full-employment,business,would think nearly three year wrong rba might start question economics greg jericho inflation back within target range suddenly rba rediscovered supposed also care full employment
"UK inflation jumps to 3.5% in April on higher energy, water, road tax and air fare prices – as it happened",‘Awful April’ inflation surge casts doubt on summer rate cut as water bills rise most since 1988; chancellor ‘disappointed’ by cost of living pressures as she heads to G7 summit,2025-05-21T14:13:19Z,https://www.theguardian.com/business/live/2025/may/21/uk-inflation-forecast-jumped-april-higher-household-bills-reeves-g7-canada-business-live,business,uk inflation jump 35 april higher energy water road tax air fare price – happened ‘awful april’ inflation surge cast doubt summer rate cut water bill rise since 1988 chancellor ‘disappointed’ cost living pressure head g7 summit
M&S expects cyber-attack to last into July and cost £300m in lost profits,Retailer says website likely to reopen within weeks but disruption to some services could last longer,2025-05-21T12:16:21Z,https://www.theguardian.com/business/2025/may/21/cyber-attack-cost-marks-and-spencer-lost-sales-company-results-reveal,business,m expects cyberattack last july cost £300m lost profit retailer say website likely reopen within week disruption service could last longer
M&S shoppers: what impact has the cyber-attack had on you?,We would like to hear from people about the effect the attack has had and whether they have been targeted by hackers themselves,2025-05-21T09:16:57Z,https://www.theguardian.com/business/2025/may/21/marks-and-spencer-shoppers-m-and-s-what-impact-has-the-cyber-attack-had-on-you,business,m shopper impact cyberattack would like hear people effect attack whether targeted hacker
Bigger than expected inflation jump worsens Bank of England dilemma,Bank torn between calls to cut interest rates to boost growth and need to damp down price rises,2025-05-21T09:06:58Z,https://www.theguardian.com/business/2025/may/21/bigger-than-expected-inflation-jump-worsens-bank-of-england-dilemma,business,bigger expected inflation jump worsens bank england dilemma bank torn call cut interest rate boost growth need damp price rise
Cutting mental health waiting times ‘could save UK £1bn a year’,"Faster treatment via NHS in England would improve health and help people keep jobs, research finds",2025-05-21T07:00:22Z,https://www.theguardian.com/business/2025/may/21/cutting-mental-health-waiting-times-could-save-uk-1bn-a-year,business,cutting mental health waiting time ‘could save uk £1bn year’ faster treatment via nh england would improve health help people keep job research find
UK inflation jumps higher than expected to 3.5% amid bills increase,"Annual rise last month driven by higher payments for gas, electricity, water and transport in ‘awful April’",2025-05-21T06:54:52Z,https://www.theguardian.com/business/2025/may/21/uk-inflation-jumps-higher-than-expected-energy-bills,business,uk inflation jump higher expected 35 amid bill increase annual rise last month driven higher payment gas electricity water transport ‘awful april’
"Brexit food control post at Portsmouth ‘may have to be demolished’, says port director ",Exclusive: £25m hi-tech facility at terminal had been called ‘white elephant’ even before latest EU deal scrapping some health and veterinary checks,2025-05-21T06:00:19Z,https://www.theguardian.com/business/2025/may/21/brexit-food-control-post-at-portsmouth-may-have-to-be-demolished-says-port-director,business,brexit food control post portsmouth ‘may demolished’ say port director exclusive £25m hitech facility terminal called ‘white elephant’ even latest eu deal scrapping health veterinary check
"Oasis fans to shell out more than £1bn on reunion tour, study shows","Average spend of £766 includes tickets, accommodation, £75 on food and drink, £60 on merchandise plus travel and new outfits",2025-05-21T04:00:19Z,https://www.theguardian.com/business/2025/may/21/oasis-fans-to-shell-out-more-than-1bn-reunion-tour-study-shows,business,oasis fan shell £1bn reunion tour study show average spend £766 includes ticket accommodation £75 food drink £60 merchandise plus travel new outfit
Thames Water and Anglian Water face 53 criminal investigations over sewage,Firms among England and Wales suppliers facing record 81 investigations as sources say ‘polluter will pay’ for their cost,2025-05-20T21:30:08Z,https://www.theguardian.com/business/2025/may/20/water-companies-investigations-thames-anglian-sewage-dumping,business,thames water anglian water face 53 criminal investigation sewage firm among england wale supplier facing record 81 investigation source say ‘polluter pay’ cost
Thames Water’s arrogance over retention bonuses is breathtaking | Nils Pratley,Government and Ofwat unlikely to revive scheme handing out ‘very substantial’ payments for remaining on payroll,2025-05-20T17:50:00Z,https://www.theguardian.com/business/nils-pratley-on-finance/2025/may/20/thames-water-pauses-executive-retention-bonuses-amid-complex-restructuring,business,thames water’s arrogance retention bonus breathtaking nil pratley government ofwat unlikely revive scheme handing ‘very substantial’ payment remaining payroll
Water companies should be taken into public ownership now | Letter,"<strong>Letter: </strong>We have suffered a catalogue of mismanagement – £78bn has been paid in dividends and rivers and streams are full of sewage, writes <strong>Adrian Ramsay MP</strong>. Plus, a letter by <strong>Martin Cooper</strong>",2025-05-20T15:58:06Z,https://www.theguardian.com/business/2025/may/20/water-companies-should-be-taken-into-public-ownership-now,business,water company taken public ownership letter strongletter strongwe suffered catalogue mismanagement – £78bn paid dividend river stream full sewage writes strongadrian ramsay mpstrong plus letter strongmartin cooperstrong
"Online criminals attacking HSBC ‘all the time’, says head of UK arm",Ian Stuart tells MPs that cybersecurity is biggest expense as bank systems face scrutiny after M&amp;S and Co-op attacks,2025-05-20T15:13:13Z,https://www.theguardian.com/business/2025/may/20/hsbc-uk-ian-stuart-treasury-select-committee-banks-cybersecurity,business,online criminal attacking hsbc ‘all time’ say head uk arm ian stuart tell mp cybersecurity biggest expense bank system face scrutiny mamps coop attack
Thames Water: big bonuses due from emergency £3bn loan ‘withdrawn’,Environment secretary makes announcement after company’s chair said he ‘may have misspoken’ to MPs,2025-05-20T14:45:30Z,https://www.theguardian.com/business/2025/may/20/thames-water-chair-mps-bonuses,business,thames water big bonus due emergency £3bn loan ‘withdrawn’ environment secretary make announcement company’s chair said ‘may misspoken’ mp
"Reeves eyes Gulf trade pact as ‘next deal,’ Bank of England’s Pill says pace of interest rate cuts ‘too rapid’ – as it happened",China and Australia cut interest rates; Shell faces protests calling for clean-up in Niger Delta,2025-05-20T14:03:39Z,https://www.theguardian.com/business/live/2025/may/20/china-australia-cut-interest-rates-greggs-sales-improve-mac-cheese-goes-viral-bank-england-huw-pill-business-live,business,reef eye gulf trade pact ‘next deal’ bank england’s pill say pace interest rate cut ‘too rapid’ – happened china australia cut interest rate shell face protest calling cleanup niger delta
Selling our sole? Brixham fishers divided on UK’s new EU deal,"EU trawlers to get 12 years’ access to UK waters, but some in Devon are hopeful about lower costs and less paperwork",2025-05-20T13:52:40Z,https://www.theguardian.com/business/2025/may/20/its-a-disaster-uk-fishers-angered-by-latest-uk-eu-deal,business,selling sole brixham fisher divided uk’s new eu deal eu trawler get 12 years’ access uk water devon hopeful lower cost less paperwork
Talks to settle £120m legal claim against Vodafone end without success,Sixty-two operators claim drastic cuts to commission rates caused franchise owners to run up huge personal debts,2025-05-20T13:49:44Z,https://www.theguardian.com/business/2025/may/20/talks-to-settle-120m-legal-claim-against-vodafone-end-without-success,business,talk settle £120m legal claim vodafone end without success sixtytwo operator claim drastic cut commission rate caused franchise owner run huge personal debt
Greggs sales pick up as its mac and cheese goes viral,Bakery helped by new products including iced tea and pizza boxes after raising prices earlier this year,2025-05-20T13:36:01Z,https://www.theguardian.com/business/2025/may/20/greggs-sales-mac-and-cheese-iced-tea-prices,business,greggs sale pick mac cheese go viral bakery helped new product including iced tea pizza box raising price earlier year
"Pace of UK interest rate cuts is too rapid, Bank of England chief economist says",Huw Pill says rate cuts could fuel inflation resurgence and urges colleagues to be cautious before making further cuts,2025-05-20T13:18:12Z,https://www.theguardian.com/business/2025/may/20/pace-of-uk-interest-rate-cuts-is-too-rapid-bank-of-england-chief-economist-says,business,pace uk interest rate cut rapid bank england chief economist say huw pill say rate cut could fuel inflation resurgence urge colleague cautious making cut
Thames Water chair could face questions after comments to MPs on bonuses,Exclusive: Sir Adrian Montague told select committee paying bonuses out of emergency £3bn loan was insisted upon by creditors,2025-05-20T10:16:21Z,https://www.theguardian.com/business/2025/may/20/thames-water-chair-mps-bonuses-sir-adrian-montague,business,thames water chair could face question comment mp bonus exclusive sir adrian montague told select committee paying bonus emergency £3bn loan insisted upon creditor
JP Morgan chief warns of ‘complacency’ as markets look past credit downgrade,Jamie Dimon says possibility of stagflation far higher than investors realize as markets shake off Moody’s triple-A cut,2025-05-19T20:38:00Z,https://www.theguardian.com/business/2025/may/19/moodys-downgrades-us-credit-rating,business,jp morgan chief warns ‘complacency’ market look past credit downgrade jamie dimon say possibility stagflation far higher investor realize market shake moody’s triplea cut
Reeves hopes hat-trick of deals shows Britain is open for business,"Impact of agreements on food, energy and defence may not be huge but chancellor believes it will draw investors to UK",2025-05-19T18:31:51Z,https://www.theguardian.com/business/2025/may/19/labour-will-hope-eu-deal-is-final-piece-of-jigsaw-to-boost-economy,business,reef hope hattrick deal show britain open business impact agreement food energy defence may huge chancellor belief draw investor uk
Tariffs are clearer at Diageo – not much else is | Nils Pratley,"Diageo ought to be fine but given the turmoil of the past couple of years, the market wants to wait and see",2025-05-19T15:57:34Z,https://www.theguardian.com/business/nils-pratley-on-finance/2025/may/19/tariffs-are-clearer-at-diageo-not-much-else-is,business,tariff clearer diageo – much else nil pratley diageo ought fine given turmoil past couple year market want wait see
"Stock markets and US dollar drop, and bond yields rise, after US credit rating downgrade; EC cuts eurozone growth forecast – as it happened","Long-term US borrowing costs hit 18-month high over 5%, as bond market flashes ‘warning signals’",2025-05-19T14:51:26Z,https://www.theguardian.com/business/live/2025/may/19/stock-markets-bonds-us-credit-rating-downgraded-by-moodys-dollar-business-live-news,business,stock market u dollar drop bond yield rise u credit rating downgrade ec cut eurozone growth forecast – happened longterm u borrowing cost hit 18month high 5 bond market flash ‘warning signals’
Will Labour’s shake-up really fix Great Britain’s ailing railways?,"As South Western becomes the latest operator to be renationalised, there are questions about whether the changes will lead to lower fares",2025-05-19T14:00:49Z,https://www.theguardian.com/business/2025/may/19/labour-great-britain-railways-south-western-lower-fares,business,labour’s shakeup really fix great britain’s ailing railway south western becomes latest operator renationalised question whether change lead lower fare
Eurozone growth forecasts cut amid uncertainty over Trump trade war,"Impact of tariffs demands ‘considerable downgrade’, to 0.9% this year and 1.4% in 2026, says European Commission",2025-05-19T13:42:06Z,https://www.theguardian.com/business/2025/may/19/eurozone-growth-forecasts-cut-amid-uncertainty-over-trump-trade-war-tariffs,business,eurozone growth forecast cut amid uncertainty trump trade war impact tariff demand ‘considerable downgrade’ 09 year 14 2026 say european commission
Average asking price for home in Great Britain hits new high of almost £380k,Rightmove says figure has risen in May by 0.6% compared with April despite lower demand from new buyers,2025-05-19T11:08:49Z,https://www.theguardian.com/business/2025/may/19/average-asking-price-uk-homes-record-may,business,average asking price home great britain hit new high almost £380k rightmove say figure risen may 06 compared april despite lower demand new buyer
Ryanair to raise air fares after lower ticket prices hit profits,Chief executive Michael O’Leary says full-year results are ‘robust’ and airline will pay about €400m in dividends,2025-05-19T09:20:11Z,https://www.theguardian.com/business/2025/may/19/ryanair-air-fares-lower-ticket-prices-profits-michael-oleary,business,ryanair raise air fare lower ticket price hit profit chief executive michael o’leary say fullyear result ‘robust’ airline pay €400m dividend
Johnnie Walker owner Diageo says Trump tariffs could hit profits by $150m,"FTSE 100 group, which also owns Tanqueray and Smirnoff, is to cut costs – which could lead to job losses",2025-05-19T08:02:05Z,https://www.theguardian.com/business/2025/may/19/johnnie-walker-diageo-trump-tariffs-profit-ftse-100-guinness,business,johnnie walker owner diageo say trump tariff could hit profit 150m ftse 100 group also owns tanqueray smirnoff cut cost – could lead job loss
How has Britain’s economy fared since Brexit? The five charts underpinning the UK-EU summit,"Almost a decade after the referendum, there are challenges to be tackled at Monday’s gathering hosted by Keir Starmer",2025-05-19T05:00:56Z,https://www.theguardian.com/business/2025/may/19/how-has-britain-economy-fared-since-brexit-the-five-charts-underpinning-the-uk-eu-summit,business,britain’s economy fared since brexit five chart underpinning ukeu summit almost decade referendum challenge tackled monday’s gathering hosted keir starmer
Labour can’t keep papering over the cracks in the care sector,Improving pay and conditions for neglected workers is an urgent national challenge,2025-05-19T05:00:56Z,https://www.theguardian.com/business/2025/may/19/labour-cant-keep-papering-over-the-cracks-in-the-care-sector,business,labour can’t keep papering crack care sector improving pay condition neglected worker urgent national challenge
Plunging value and a content cliff edge: what’s gone wrong at Sky?,"Since Comcast takeover, broadcaster has slashed jobs and is losing the exclusive shows that drew subscribers",2025-05-19T05:00:54Z,https://www.theguardian.com/business/2025/may/19/sky-comcast-jobs-exclusive-shows-subscribers,business,plunging value content cliff edge what’s gone wrong sky since comcast takeover broadcaster slashed job losing exclusive show drew subscriber
Weakening of UK EV sales rules ‘likely to result in significantly more carbon emissions’,"Analysis suggests there could be 500,000 additional plug-in hybrid electric cars on Britain’s roads by 2030",2025-05-19T04:00:56Z,https://www.theguardian.com/business/2025/may/19/weakening-of-uk-ev-sales-rules-likely-to-result-in-significantly-more-carbon-emissions,business,weakening uk ev sale rule ‘likely result significantly carbon emissions’ analysis suggests could 500000 additional plugin hybrid electric car britain’s road 2030
Santander UK freezes salaries and cuts jobs in commercial banking arm,Exclusive: Bank also set to slash bonuses in wider shake-up that could help make it more attractive to potential buyers,2025-05-19T04:00:53Z,https://www.theguardian.com/business/2025/may/19/santander-uk-freezes-salaries-and-cuts-jobs-in-commercial-banking-arm,business,santander uk freeze salary cut job commercial banking arm exclusive bank also set slash bonus wider shakeup could help make attractive potential buyer
Gina Rinehart criticises ‘relentless attack’ on Ben Roberts-Smith and media ‘gloating’,Billionaire’s comments come in wake of former SAS soldier losing his appeal against defamation case ruling,2025-05-19T02:21:54Z,https://www.theguardian.com/business/2025/may/19/gina-rinehart-criticises-relentless-attack-on-ben-roberts-smith-and-media-gloating-ntwnfb,business,gina rinehart criticises ‘relentless attack’ ben robertssmith medium ‘gloating’ billionaire’s comment come wake former sa soldier losing appeal defamation case ruling
"UK ‘may need 92,000 extra public workers if fall in productivity continues to 2030’",Report suggests Rachel Reeves could be forced to spend £5.1bn if last year’s downward trend continues,2025-05-18T23:01:48Z,https://www.theguardian.com/business/2025/may/19/uk-may-need-92000-extra-public-workers-if-fall-in-productivity-continues-to-2030,business,uk ‘may need 92000 extra public worker fall productivity continues 2030’ report suggests rachel reef could forced spend £51bn last year’s downward trend continues
Investors and shoppers await clues on fallout from M&S cyber-attack,"Retailer due to report annual results, with many focused on financial impact of hack and when online orders will restart",2025-05-18T16:10:07Z,https://www.theguardian.com/business/2025/may/18/investors-await-clues-on-fallout-from-ms-cyber-attack,business,investor shopper await clue fallout m cyberattack retailer due report annual result many focused financial impact hack online order restart
‘Too big to fit in your mouth’: sunny spring delivers crop of ‘giant’ UK strawberries,‘Perfect’ weather conditions produce berries that growers say are between 10% and 20% bigger than usual,2025-05-18T05:00:27Z,https://www.theguardian.com/business/2025/may/18/giant-uk-strawberries-weather-growers,business,‘too big fit mouth’ sunny spring delivers crop ‘giant’ uk strawberry ‘perfect’ weather condition produce berry grower say 10 20 bigger usual
Bank of England should promise lower interest rates and see off Nigel Farage | Phillip Inman,Rate-setters would fuel growth by clarifying policy and bringing rates low enough to encourage investment,2025-05-17T15:00:09Z,https://www.theguardian.com/business/2025/may/17/bank-of-england-promise-lower-interest-rates-nigel-farage,business,bank england promise lower interest rate see nigel farage phillip inman ratesetters would fuel growth clarifying policy bringing rate low enough encourage investment
Virgin Money mortgage holders cry foul over owner Nationwide’s better deals,"Building society offer means Virgin customers pay nearly £1,000 more in fees despite lender owning both brands",2025-05-17T06:01:00Z,https://www.theguardian.com/business/2025/may/17/virgin-money-mortgage-holders-cry-foul-over-owner-nationwides-better-deals,business,virgin money mortgage holder cry foul owner nationwide’s better deal building society offer mean virgin customer pay nearly £1000 fee despite lender owning brand
Top winemaker ‘may have to leave its Spanish vineyards due to climate crisis’,"Familia Torres has been making wine in Catalonia since 1870, but says it may have to move to higher altitudes in 30 years’ time",2025-05-17T05:00:59Z,https://www.theguardian.com/business/2025/may/17/top-winemaker-spanish-vineyards-climate-crisis-familia-torres,business,top winemaker ‘may leave spanish vineyard due climate crisis’ familia torres making wine catalonia since 1870 say may move higher altitude 30 years’ time
