title,description,publishedAt,url,category
Physicists Solve a 50-Year Mystery About a Critically Important Molecule,"The discovery itself is simple and fundamental, but the applications stretch far and wide into astrophysics and quantum technology, the researchers say",2025-07-02T16:20:54Z,https://gizmodo.com/physicists-solve-a-50-year-mystery-about-a-critically-important-molecule-2000623370,technology
Laptop Mag is shutting down,"Laptop Mag is shutting down after nearly 35 years of providing consumers with in-depth information about laptops and other technology. In a staff meeting seen by The Verge, Faisal Alani, the global brand director at Laptop Mag owner Future PLC, said, “After c…",2025-07-01T17:43:47Z,https://www.theverge.com/news/695969/laptop-mag-shutdown-future-plc,technology
Airplane Wi-Fi Is Now … Good?,"For years, in-flight internet has been fine for email, not great for Zoom meetings. That’s all changing fast.",2025-07-02T13:00:00Z,https://www.wired.com/story/airplane-wifi-good-now/,technology
Apple Releases Safari Technology Preview 222 With Bug Fixes and Performance Improvements,"Apple today released a new update for Safari Technology Preview, the experimental browser that was first introduced in March 2016. Apple designed ‌Safari Technology Preview‌ to allow users to test features that are planned for future release versions of the S…",2025-07-01T23:06:09Z,https://www.macrumors.com/2025/07/01/apple-releases-safari-technology-preview-222/,technology
Experimental Propulsion Tech Could Reach Mysterious Planet Beyond Pluto in 10 Years,"Sedna will make its closest approach to the Sun in 2076, giving us a rare opportunity to visit the planetoid before it drifts off for thousands of years.",2025-07-01T20:21:13Z,https://gizmodo.com/experimental-propulsion-tech-could-reach-mysterious-planet-beyond-pluto-in-10-years-2000622774,technology
Apple Owes Spanish Company Over $110 Million for Violating Wireless Patents,"Apple has to pay $110.7 million for infringing on wireless patents owned by Spanish company TOT Power Control, reports Reuters. A jury found that transceivers used in Apple devices rely on 3G wireless technology owned by TOT.





TOT was formed by engineer A…",2025-07-01T20:09:00Z,https://www.macrumors.com/2025/07/01/apple-patent-lawsuit-tot/,technology
Lorde’s new CD is so transparent that stereos can’t even read it,"Lorde fans are clearly struggling to play the CD version of her new album. Customers who purchased the special edition of Virgin released on a transparent plastic disc are reporting on Reddit and TikTok that it many CD players, car stereos, and other sound sy…",2025-07-02T16:47:57Z,https://www.theverge.com/news/696805/lorde-virgin-album-transparent-cd-wont-play,technology
A Crypto Miner Takes the Straight and Narrow,"As it stands, cryptocurrency largely seems to be a fad of the previous decade, at least as far as technology goes. During that time, many PC users couldn’t get reasonably priced graphics card…",2025-07-01T23:00:21Z,https://hackaday.com/2025/07/01/a-crypto-miner-takes-the-straight-and-narrow/,technology
Apple Pauses Work on Foldable iPad,"Apple is well into development on the foldable iPhone, but it has decided to pause work on a larger-screened foldable iPad, reports Digitimes.





There have been multiple rumors about Apple's work on some kind of notebook-sized foldable device. Some have re…",2025-07-02T18:45:01Z,https://www.macrumors.com/2025/07/02/apple-pauses-foldable-ipad-development/,technology
AI Videos of Black Women Depicted as Primates Are Going Viral,Some Instagram creators are using Google’s Veo 3 and racking up millions of views on AI videos of “bigfoot baddies.” They’ll teach you how to make them for $15.,2025-07-01T17:31:30Z,https://www.wired.com/story/ai-videos-black-women-depicted-as-primates-viral/,technology
Business Travel Is Evolving Faster Than Ever. We’ll Help You Navigate It,"Five years ago, work trips looked nothing like they do today. WIRED and Condé Nast Traveler have teamed up to tell you all you need to know to actually enjoy working on the go.",2025-07-02T13:00:00Z,https://www.wired.com/story/future-business-travel-editors-letter/,technology
Sky partners with firm to combat online abuse,"The Chicago Sky are partnering with a technology company that said it helped the FBI track an alleged stalker of Caitlin Clark to further combat online harassment of players and coaches, the team announced Tuesday.",2025-07-01T19:36:08Z,https://www.espn.com/wnba/story/_/id/45632839/chicago-sky-partners-firm-combat-online-harassment,technology
Brazil Recommends Sanctions for Apple Over App Store and NFC Rules,"Apple is facing renewed antitrust scrutiny in Brazil, where the country's competition regulator has formally recommended sanctions against the company over its App Store rules and restrictions on third-party access to iPhone features, including near-field com…",2025-07-01T14:43:48Z,https://www.macrumors.com/2025/07/01/brazil-recommends-sanctions-for-apple/,technology
"A team of engineers saved Morgan Stanley more than 280,000 hours this year. The bank says their tool won't take jobs.","A new tool at Morgan Stanley has saved more than 11,000 days of work this year alone and replaced ""onerous"" rote work.",2025-07-01T09:43:01Z,https://www.businessinsider.com/devgen-ai-tool-saved-morgan-stanley-280-000-hours-jobs-2025-7,technology
Andy Jassy says AI will eliminate some Amazon jobs — but create more in at least 2 areas,"""We're going to hire more people in AI and more people in robotics,"" Jassy said on CNBC.",2025-07-01T07:19:27Z,https://www.businessinsider.com/andy-jassy-ai-eliminate-jobs-create-more-robotics-2025-7,technology
Congress Dropped a Plan to Block State AI Rules. Why That Matters for Consumers,A proposed 10-year moratorium on states enforcing rules around artificial intelligence was pulled from the federal budget bill in the Senate.,2025-07-01T16:13:02Z,https://www.cnet.com/tech/services-and-software/congress-dropped-a-plan-to-block-state-ai-rules-why-that-matters-for-consumers/,technology
The U.S. Space Force Wants Industry Ideas for Space-Based Missile Interceptors,The Pentagon is making gradual progress toward realizing Trump’s Golden Dome.,2025-07-01T18:52:38Z,https://gizmodo.com/the-u-s-space-force-wants-industry-ideas-for-space-based-missile-interceptors-2000622841,technology
Senator Wants to File Bribery Charges Over Paramount’s Hush Money to Trump,"That is, if the Dems can ever retake power.",2025-07-02T18:20:53Z,https://gizmodo.com/senator-wants-to-file-bribery-charges-over-paramounts-hush-money-to-trump-2000623400,technology
TCL NXTPAPER 4.0 fixes one of the technology's biggest hidden issues,"The TCL NXTPAPER 11 Plus is the first NXTPAPER 4.0 tablet to hit U.S. shores, and it gives the E Ink alternative a new boost.",2025-07-02T15:58:41Z,https://www.androidcentral.com/tablets/tcl-nxtpaper-4-fixes-one-of-the-technologys-biggest-hidden-issues,technology
Evolution of Minimum Viable Product,"The Oxford dictionary definition of a Minimum Viable Product (MVP) is:

An early, basic version of a product (such as a piece of technology, a computer program, etc.) which meets the minimum...",2025-07-02T18:51:34Z,https://raspasov.posthaven.com/evolution-of-minimum-viable-product,technology
Intel's New CEO Explores Big Shift In Chip Manufacturing Business,"An anonymous reader quotes a report from Reuters: Intel's new chief executive is exploring a big change to its contract manufacturing business to win major customers, two people familiar with the matter told Reuters, in a potentially expensive shift from his …",2025-07-03T00:02:00Z,https://tech.slashdot.org/story/25/07/02/2149214/intels-new-ceo-explores-big-shift-in-chip-manufacturing-business,technology
Nothing’s ‘first true flagship’ phone plays it a little safe,"“The Glyph interface is not a gimmick,” Nothing founder and CEO Carl Pei told the press as he revealed the Nothing Phone 3 for the first time, shortly before announcing that its new iteration lets you play Spin the Bottle on the back of the phone. It’s mixed …",2025-07-01T16:27:47Z,https://www.theverge.com/news/695788/nothing-phone-3-launch-news-specs-price,technology
How Physical Operations Organizations Are Using AI to Protect Workers and Increase Efficiency - SPONSOR CONTENT FROM SAMSARA,Sponsor content from Samsara.,2025-07-01T16:30:00Z,https://hbr.org/sponsored/2025/06/how-physical-operations-organizations-are-using-ai-to-protect-workers-and-increase-efficiency,technology
MacBook Pro With OLED Display Again Rumored to Launch Next Year — Without a Notch?,"The first MacBook Pro models with OLED displays are still expected to launch next year.





Omdia analyst Linda Lin reiterated the 2026 timeframe for the first MacBook models with OLED displays in a recent research note. While she did not mention the MacBook…",2025-07-02T15:43:34Z,https://www.macrumors.com/2025/07/02/macbook-pro-with-oled-display-next-year/,technology
OSHWA Healthware Highlight: OpenNerve,"OpenNerve could be the community-driven solution to vagus nerve therapy.
The post OSHWA Healthware Highlight: OpenNerve appeared first on Make: DIY Projects and Ideas for Makers.",2025-07-02T16:00:00Z,https://makezine.com/article/technology/oshwa-healthware-highlight-opennerve/,technology
Instacart deploys AI-powered smart carts at Wegmans’ New York,"The Caper Cart has a sleeker, more lightweight design with a 65% increase in capacity compared to its predecessor.",2025-07-02T10:36:55Z,https://www.retail-insight-network.com/news/instacart-caper-cart-wegmans/,technology
Young Americans Are Spending a Whole Lot Less On Video Games This Year,"An anonymous reader quotes a report from GameSpot: Perhaps responding to economic uncertainty and narrowing job prospects, young people in the United States are significantly cutting back on spending on video games compared to this time last year. While 18- t…",2025-07-02T13:00:00Z,https://games.slashdot.org/story/25/07/01/2239206/young-americans-are-spending-a-whole-lot-less-on-video-games-this-year,technology
Nothing Headphone 1 review: head-turning,"Nothing's first pair of over-the-ear headphones has arrived, bearing the company's signature retro-transparent design that it introduced with the Phone 1. But until now, that design has mostly been in your pocket or peeking out of your ears. With the $299 Not…",2025-07-01T17:33:10Z,https://www.theverge.com/headphone-review/695609/nothing-headphone-1-review,technology
Top 5 Robotic Lawnmowers to buy in 2025,"Top 5 Robotic Lawnmowers to buy in 2025While the world’s focused on self-driving cars, we’ve completely glossed over the fact that this self-navigating technology applies perfectly to lawnmowers too. How is it...",2025-07-01T01:45:20Z,https://www.yankodesign.com/2025/06/30/top-5-robotic-lawnmowers-to-buy-in-2025/,technology
HMS SiNGRAY G2 Arrives as Enterprise AR Gets a Second Chance,"HMS SiNGRAY G2 Arrives as Enterprise AR Gets a Second ChanceJapanese technology company HMS Co., Ltd. has launched the SiNGRAY G2 AR headset with frontline.io software pre-installed. The device targets industrial users who lost their...",2025-07-02T22:30:35Z,https://www.yankodesign.com/2025/07/02/hms-singray-g2-arrives-as-enterprise-ar-gets-a-second-chance/,technology
Bentley Unleashes Akrapovič Titanium Exhaust for Continental GT and Flying Spur,"Bentley Unleashes Akrapovič Titanium Exhaust for Continental GT and Flying SpurWhat happens when British engineering meets Slovenian exhaust technology? The answer roars from the quad tailpipes of Bentley’s latest Continental GT, GT Convertible, and Flying...",2025-07-02T17:20:10Z,https://www.yankodesign.com/2025/07/02/bentley-unleashes-akrapovic-titanium-exhaust-for-continental-gt-and-flying-spur/,technology
"Apple patent hints at massive leap in camera sensor tech, nearing human eye dynamic range","Apple is investigating new image sensor technology that promises up to 20 stops of dynamic range. That’s a level that surpasses the ARRI ALEXA 35, and gets really close to matching the dynamic range of the average human eye. Here’s what that actually means.

…",2025-07-02T13:42:17Z,https://9to5mac.com/2025/07/02/apple-patent-camera-dynamic-range/,technology
Ford's CEO sounded the alarm again on China. Here are 3 ways Chinese EVs drastically differ from their US rivals.,"Asked about the rapid growth of Chinese electric car companies like BYD, Ford CEO Jim Farley called it ""the most humbling thing I have ever seen.""",2025-07-02T11:23:13Z,https://www.businessinsider.com/3-ways-chinese-evs-are-different-from-their-us-rivals-2025-7,technology
Penske is using AI to get ahead of costly truck maintenance issues,"Penske Truck Leasing uses telematics and AI to help predict costly truck maintenance issues, which can lead to cost-savings for its customers.",2025-07-02T16:12:10Z,https://www.businessinsider.com/penske-uses-ai-technology-to-enhance-truck-maintenance-cost-savings-2025-6,technology
Tech Talk: NFC is getting an upgrade. But how does NFC work?,NFC: the magic transmission protocol that seems to work without power.,2025-07-03T00:14:06Z,https://www.androidcentral.com/phones/tech-talk-nfc-is-getting-an-upgrade-but-how-does-nfc-work,technology
"New plan will fundamentally rewire NHS, says PM","But nurses, doctors and health experts say that more funding and extra staff are needed to make it a reality.",2025-07-02T21:34:01Z,https://www.bbc.com/news/articles/cy5wpe9r1d6o,technology
3 things driving Robinhood's blistering 151% stock rally in 2025,Stock investors have been bullish on Robinhood's push into tokenization and other new product offerings.,2025-07-01T14:44:16Z,https://www.businessinsider.com/robinhood-stock-price-ytd-tokenization-retail-investors-new-product-offerings-2025-6,technology
Report: Apple's India Manufacturing Dream in Jeopardy Over Exodus of Chinese Workers,"Apple's effort to expand iPhone production in India has encountered a setback as Foxconn has recalled hundreds of Chinese engineers and technicians from its Indian factories, Bloomberg reports.





According to people familiar with the matter who spoke to Bl…",2025-07-02T10:35:39Z,https://www.macrumors.com/2025/07/02/apples-india-manufacturing-in-jeopardy/,technology
Brazil wants its piece of the App Store anti-competition fines Apple faces worldwide,"Brazil has tried fining Apple over the App Store before and backed down, but its technology council is now urging it since other nations are.The App Store continues to be under first in BrazilIn late 2022, early 2023, Brazil's Conselho Administrativo de Defes…",2025-07-01T12:06:21Z,https://appleinsider.com/articles/25/07/01/brazil-wants-its-piece-of-the-app-store-anti-competition-fines-apple-faces-worldwide,technology
4 takeaways from Tesla's latest sales report,"Wall Street doesn't seem spooked by Tesla's Q2 sales report, which showed a 13.5% year-over-year drop in EV deliveries. Analysts explained why to BI.",2025-07-02T20:50:20Z,https://www.businessinsider.com/tesla-stock-q2-sales-report-takeaways-2025-7,technology
Bolt CEO says unlimited PTO is a 'totally broken' policy — so he killed it in favor of 4 mandatory paid weeks off,"""When time off is undefined, the good ones don't take PTO. The bad ones take too much,"" said Bolt CEO Ryan Breslow on Tuesday.",2025-07-01T16:34:20Z,https://www.businessinsider.com/bolt-ceo-ends-unlimited-pto-vacation-policy-2025-7,technology
Apple Patents Image Sensor with 20 Stops of Dynamic Range,"Apple filed a fascinating image sensor technology patent last month, which describes a stacked image sensor with vast dynamic range and very low noise.
[Read More]",2025-07-02T17:56:53Z,https://petapixel.com/2025/07/02/apple-patents-image-sensor-with-20-stops-of-dynamic-range/,technology
Why Big Tech Turned Against Democrats – and Democracy,Trump’s America is turning its back on the future — with Big Tech’s help,2025-07-02T04:56:15Z,https://paulkrugman.substack.com/p/why-big-tech-turned-against-democrats,technology
Apple Intelligence with less ‘Apple’? Why that might be the exact right move,"Apple’s well documented struggles to upgrade Siri with AI might have an unexpected fix. Per Mark Gurman, Apple is considering powering its revamped Siri with third-party AI models from Anthropic or OpenAI. Here’s why that could be the best move for Apple and …",2025-07-01T19:29:19Z,https://9to5mac.com/2025/07/01/apple-intelligence-with-less-apple-why-that-might-be-the-exact-right-move/,technology
How to fight the Moon Lord in Palworld,"Defeat the Moon Lord in Palworld, and you’ve overcome the toughest opponent from the Tides of Terraria update. As we’re talking about a level 50 Raid Boss, it’s best to wait until level 60 or so before taking on this multi-eyed Terraria-inspired monster, but …",2025-07-02T16:41:31Z,https://www.polygon.com/palworld-guides/610287/moon-lord-summon-fight-location,technology
"In a blow to Big Tech, senators strike AI provision from Trump's 'Big Beautiful Bill'",Senators voted 99-1 to strike a provision to discourage states from regulating AI. It was supported by many in the tech industry.,2025-07-01T15:16:32Z,https://www.businessinsider.com/senators-strike-ai-provision-from-big-beautiful-bill-2025-7,technology
Apple ordered to pay $110 million in 3G patent dispute with Spanish firm,"Spanish company TOT Power Control has been awarded $110.7 million in damages after a federal jury in Delaware found that Apple’s devices infringe on a patent related to 3G wireless communications. Here are the details.



 more…",2025-07-01T20:21:29Z,https://9to5mac.com/2025/07/01/apple-ordered-to-pay-110-million-in-3g-patent-dispute-with-spanish-firm/,technology
"RFK Jr. Says AI Will Approve New Drugs at FDA ‘Very, Very Quickly’","""We need to stop trusting the experts,"" Kennedy told Tucker Carlson.",2025-07-01T18:10:13Z,https://gizmodo.com/rfk-jr-says-ai-will-approve-new-drugs-at-fda-very-very-quickly-2000622778,technology
Microsoft says its new health AI beat doctors in accurate diagnoses by a mile,"The AI system correctly solved 85.5% of medical cases in the study, outperforming 21 experienced doctors who averaged 20% accuracy.",2025-07-01T06:45:48Z,https://www.businessinsider.com/microsoft-ai-diagnosed-accurate-doctors-medicine-study-2025-7,technology
"Trump didn't just cut a deal with Vietnam — he was targeting China, too",President Donald Trump announced a trade deal with Hanoi that would levy 20% on imports and a 40% tariff on transshipment from Vietnam.,2025-07-03T06:03:56Z,https://www.businessinsider.com/trump-trade-tariff-deal-vietnam-target-china-transshipment-supply-chain-2025-7,technology
Seth Steinman merges the internet with ancient technologies,Preconceptions of what modern technology looks and feels like are challenged in these post-postmodern sculptures.,2025-07-03T07:00:00Z,https://www.itsnicethat.com/articles/seth-steinman-art-discover-030725,technology
Apple Watch Ultra 3 Rumors: Satellite Connectivity and Blood Pressure for Fall 2025 Launch,"Apple Watch Ultra 3 Rumors: Satellite Connectivity and Blood Pressure for Fall 2025 LaunchApple appears ready to deliver its most significant smartwatch update in years, with multiple industry analysts and credible reports suggesting the Apple Watch Ultra 3...",2025-07-02T08:45:16Z,https://www.yankodesign.com/2025/07/02/apple-watch-ultra-3-rumors-satellite-connectivity-and-blood-pressure-for-fall-2025-launch/,technology
Jennifer Hartsock Reshapes Cargill’s Technology Operating Model,Cargill CIDO Jennifer Hartsock has changed the operating model of her team to better align with the mission of the business.,2025-07-02T13:00:00Z,https://www.forbes.com/sites/peterhigh/2025/07/02/jennifer-hartsock-reshapes-cargills-technology-operating-model/,technology
Why your organization needs both AI moonshots and mundane wins,"How to balance big swings and safe bets to build the most powerful AI portfolio for your business

Enterprises are on track to pour $307 billion into AI in 2025—more than $35 million dollars every hour. Yet most of that cash will never see daylight: an S&P Gl…",2025-07-01T10:02:00Z,https://www.fastcompany.com/91358541/why-your-organization-needs-both-ai-moonshots-and-mundane-wins,technology
61 Photos From The Past That Are Incredibly Creepy And Unsettling,"With all the special effects, makeup, and technology we have today, it’s easy to create an unsettling photo.",2025-07-02T03:00:09Z,https://www.boredpanda.com/terrifying-historical-photos/,technology
Photon 'time bins' and signal stability show promise for practical quantum communication via fiber optics,"Researchers at the Leibniz Institute of Photonic Technology (Leibniz IPHT) in Jena, Germany, together with international collaborators, have developed two complementary methods that could make quantum communication via fiber optics practical outside the lab.",2025-07-01T17:02:21Z,https://phys.org/news/2025-07-photon-bins-stability-quantum-communication.html,technology
Fakespot shuts down today after 9 years of detecting fake product reviews,"Today marks the end of an era. After nearly a decade of helping millions of shoppers navigate the murky waters of online reviews, Fakespot has officially closed its doors. If you tried to check a product listing this morning and found Fakespot not working, yo…",2025-07-01T20:26:35Z,https://blog.truestar.pro/fakespot-shuts-down/,technology
"Honor's Magic V5 looks like a thin, sleek rival for the Galaxy Z Fold 7 this summer","Honor's latest foldable is here, and stands proud with a thin build, a huge battery, and huge AI integration.",2025-07-02T20:03:43Z,https://www.androidcentral.com/phones/honor-phones/honor-launches-magic-v5-foldable-yoyo-ai-features-launch,technology
Premier acquires healthcare technology firm IllumiCare,"Premier has expanded its clinical decision support (CDS) capabilities with the acquisition of healthcare technology company IllumiCare, known for its electronic medical record (EMR)-agnostic platform.
This platform integrates clinical and financial data to ai…",2025-07-01T10:07:15Z,https://biztoc.com/x/8a235b14d4e4cfcf,technology
"As Wimbledon Lays Off Line Judges, Is Technology Trumping Tradition?",Wimbledon has finally replaced line judges with electronic line calling. Tradition and technology can still have a seat next to each other at SW19.,2025-07-02T19:20:36Z,https://www.forbes.com/sites/timellis/2025/07/02/as-wimbledon-lays-off-line-judges-is-technology-trumping-tradition/,technology
The Seventh Wave: How AI Will Change The Technology Industry,"Now comes the Seventh Wave of major tech change, driven by AI in its modern forms — generative and agentic.",2025-07-02T16:02:50Z,https://www.forbes.com/sites/forrester/2025/07/02/the-seventh-wave-how-ai-will-change-the-technology-industry/,technology
"U.S. Arrests Key Facilitator in North Korean IT Worker Scheme, Seizes $7.74 Million","The U.S. Department of Justice (DoJ) on Monday announced sweeping actions targeting the North Korean information technology (IT) worker scheme, leading to the arrest of one individual and the seizure of 29 financial accounts, 21 fraudulent websites, and nearl…",2025-07-01T07:53:00Z,https://thehackernews.com/2025/07/us-arrests-key-facilitator-in-north.html,technology
"Nothing Phone (3) gets 5,500mAh battery in India","Nothing Phone (3) is now official and it brings a few notable upgrades over its predecessor, including a larger battery capacity. The global version of the phone features a 5,150mAh cell with silicon-carbon anode technology, which is a significant upgrade ove…",2025-07-02T07:51:02Z,https://www.gsmarena.com/nothing_phone_3_gets_5500mah_battery_in_india_-news-68457.php,technology
8 tech executives told us the top skills you need in the age of AI,"As AI becomes more ubiquitous in the workplace, tech executives discussed the importance of leaning into these three skills.",2025-07-01T14:16:13Z,https://www.businessinsider.com/top-skills-learn-ai-era-tech-executives-2025-7,technology
"In Silicon Valley, it is the summer of comp FOMO as Meta and OpenAI offer tens of millions of dollars to lure top AI talent","""There's a ton of ripple effects I'm hearing in the Valley,"" said Deedy Das, of Menlo Ventures. ""There is a sense of jealousy, envy, and helplessness.""",2025-07-02T09:00:01Z,https://www.businessinsider.com/in-silicon-valley-it-is-the-summer-of-fomo-2025-6,technology
E-waste Dell Inspiron gets turned into the ultimate tabletop arcade rig,E-waste Dell Inspiron gets turned into the ultimate tabletop arcade rigEver watch those YouTube restoration videos where someone takes a rusty hatchet and transforms it into a mirror-polished work of art? That’s the energy radiating...,2025-07-02T00:30:54Z,https://www.yankodesign.com/2025/07/01/e-waste-dell-inspiron-gets-turned-into-the-ultimate-tabletop-arcade-rig/,technology
The 15 college majors with the highest unemployment,"Recent college graduates in about a dozen college majors had unemployment rates above 5% in 2023, an analysis from the New York Fed showed.",2025-07-01T18:21:13Z,https://www.businessinsider.com/unemployment-college-majors-anthropology-physics-computer-engineering-jobs-2025-7,technology
Language app Babbel has a new CEO. Here's what he's learned about leading from day one,"Babbel CEO Tim Allen is prioritizing employee insights in his new role and says he plans AI integration to support, not replace, human instructors.",2025-07-02T16:33:31Z,https://www.businessinsider.com/babbel-ceo-tim-allen-leadership-ai-2025-7,technology
"The Download: how AI could improve construction site safety, and our Roundtables conversation with Karen Hao","This is today’s edition of The Download, our weekday newsletter that provides a daily dose of what’s going on in the world of technology. How generative AI could help make construction sites safer More than 1,000 construction workers die on the job each year …",2025-07-02T12:10:00Z,https://www.technologyreview.com/2025/07/02/1119616/the-download-how-ai-could-improve-construction-site-safety-and-our-roundtables-conversation-with-karen-hao/,technology
Manifest Your Reality With a New Film From Corey Hughes and MEMORY,"MEMORY releases Your Final Meditation, a film by Corey Hughes that explores how an AI-powered mental health game taps into human emotions, blurring the line between self and screen Your Final Meditation, …",2025-07-01T20:29:58Z,http://coolhunting.com/tech/manifest-your-reality-with-a-new-film-from-corey-hughes-and-memory/,technology
The Rise of Agentic Collaboration - SPONSOR CONTENT FROM MIRO,Sponsor content from Miro.,2025-07-01T18:00:00Z,https://hbr.org/sponsored/2025/06/the-rise-of-agentic-collaboration,technology
Scientists just simulated the “impossible” — fault-tolerant quantum code cracked at last,"A multinational team has cracked a long-standing barrier to reliable quantum computing by inventing an algorithm that lets ordinary computers faithfully mimic a fault-tolerant quantum circuit built on the notoriously tricky GKP bosonic code, promising a cruci…",2025-07-03T01:41:57Z,https://www.sciencedaily.com/releases/2025/07/250702214157.htm,technology
Future Apple Vision Pro headsets may use software trick to protect users from motion sickness,"Apple is researching how to make software for the Apple Vision Pro to help prevent motion sickness from perceived motion, as well as caused by the motion of a vehicle.We won't now see an Apple Car, but some of the technology invented for it may be coming to t…",2025-07-01T14:36:34Z,https://appleinsider.com/articles/25/07/01/future-apple-vision-pro-headsets-may-use-software-trick-to-protect-users-from-motion-sickness,technology
Don't buy a Kindle this Prime Day — get an Onyx Boox instead,"You should buy an e-reader this Prime Day, but not one from Amazon. Here's why you should get an Onyx Boox instead.",2025-07-01T15:00:00Z,https://www.androidcentral.com/tablets/boox/dont-buy-a-kindle-this-prime-day-get-an-onyx-boox-instead,technology
Apple satellite texting saves injured climber on Colorado peak,"An injured climber stranded above 10,000 feet on Snowmass Mountain in Colorado was rescued after using Apple's satellite texting feature on his iPhone to call for help.Emergency SOS via Satellite is on iPhone 14 and laterAccording to the Pitkin County Sheriff…",2025-07-01T19:17:23Z,https://appleinsider.com/articles/25/07/01/apple-satellite-texting-saves-injured-climber-on-colorado-peak,technology
"The best early Amazon Prime Day deals include Nespresso, viral beauty products, and more","Amazon Prime Day is only days away, and the deals are already trickling in. Here are the best early discounts, including tech, beauty, and more.",2025-07-02T23:00:33Z,https://www.businessinsider.com/guides/deals/early-prime-day-deals-2025,technology
"Employee fails to read late-night email from boss, demanding to prep for a 9 am meeting the next day, leading to an office dispute first thing in the morning: ‘Where have you been?’","Listen, we love technology, we love the internet, and we would never want to go back to the times when we didn't have the entire world's knowledge resting in the palm of our hands.
We would, however, love it if people would stop assuming that just because th…",2025-07-02T17:00:00Z,https://cheezburger.com/41253893/employee-fails-to-read-late-night-email-from-boss-demanding-to-prep-for-a-9-am-meeting-the-next-day,technology
Okta Tightens Agent Identities For Machine-To-Machine Connections,Okta has introduced  a new technology protocol to help secure AI agents.,2025-07-02T15:01:25Z,https://www.forbes.com/sites/adrianbridgwater/2025/07/02/okta-tightens-agent-identities-for-machine-to-machine-connections/,technology
Why Micron Technology Rallied 30.5% in June,,2025-07-02T13:30:00Z,https://consent.yahoo.com/v2/collectConsent?sessionId=1_cc-session_335ed4cd-c4a3-4882-8a7f-9ebbe7989ac1,technology
"HP 2-in-1 360° Touchscreen Laptop (16GB RAM, 512GB SSD) Is at a Record Low for Best Buy’s 4th of July Deal",Save about 30% on the HP OmniBook 5 Flip 2-in-1 laptop over at Best Buy.,2025-07-01T14:40:30Z,https://gizmodo.com/hp-2-in-1-360-touchscreen-laptop-16gb-ram-512gb-ssd-is-at-a-record-low-for-best-buys-4th-of-july-deal-2000622120,technology
"Ted Cruz’s Ban on AI Regulation Gets Last-Minute Boot From ‘Big, Beautiful Bill’","One ugly provision down, about a billion more to go.",2025-07-01T18:30:11Z,https://gizmodo.com/ted-cruzs-ban-on-ai-regulation-gets-last-minute-boot-from-big-beautiful-bill-2000622837,technology
"How the megabill will limit health care access. And, plans to ease gun regulations","The House is set to vote on the GOP megabill today. It is set to make big changes that will limit health care access to Americans. And, the ATF plans to ease gun regulations.",2025-07-02T11:10:13Z,https://www.npr.org/2025/07/02/g-s1-75640/up-first-newsletter-senate-house-megabill-medicaid-atf-regulations,technology
South Korea Brought High-Rise Fire Escape Solutions To The Masses,"When a fire breaks out in a high-rise building, conventional wisdom is that stairwells are the only way out. Lifts are verboten in such scenarios, while sheer height typically prevents any other vi…",2025-07-02T17:00:46Z,https://hackaday.com/2025/07/02/south-korea-brought-high-rise-fire-escape-solutions-to-the-masses/,technology
New Google AI makes robots smarter without the cloud,"The new Gemini Robotics On-Device AI allows robots to perform complex tasks without internet, offering enhanced privacy, reliability and adaptability for real-world use.",2025-07-02T17:00:58Z,https://www.foxnews.com/tech/new-google-ai-makes-robots-smarter-without-cloud,technology
Apple Watch Ultra 3 release date: When to expect the new model,"It’s been almost two years since a brand new Apple Watch Ultra model launched, but that drought is almost over. Apple Watch Ultra 3’s release date is fast approaching, here’s when to expect the new model.



 more…",2025-07-02T14:09:53Z,https://9to5mac.com/2025/07/02/apple-watch-ultra-3-release-date-when-to-expect-the-new-model/,technology
"Ford Recalls 200,000 Vehicles in US Over Malfunction Risk",The recall highlights ongoing concerns about vehicle technology reliability and driver safety.,2025-07-02T17:22:00Z,https://biztoc.com/x/fa589621d6a9f30c,technology
"Galaxy S26 could be getting not one, but two battery upgrades","Samsung is exploring more than one way to upgrade batteries on the upcoming Galaxy S26 series, but its efforts may not have a lasting impact.",2025-07-02T08:48:13Z,https://www.androidauthority.com/samsung-galaxy-26-battery-tech-upgrade-3573190/,technology
Does new 'Cognify' tech allow prisoners to complete years of social rehabilitation in minutes?,"Claims about a brain implant technology that compresses prison sentences into minutes are based on a concept, not actual technology.",2025-07-01T01:30:00Z,https://www.snopes.com//news/2025/07/01/new-tech-implant-prisoners-memories/,technology
"Huawei says its new solid-state EV battery can give you 1,800 miles of range and charge in less than 5 minutes, but we have questions",Huawei has filed patents for new solid-state battery technology that could underpin future EVs with enormous range and ultra-fast charging capabilities.,2025-07-02T19:00:00Z,https://www.techradar.com/vehicle-tech/hybrid-electric-vehicles/huawei-says-its-new-solid-state-ev-battery-can-give-you-1-800-miles-of-range-and-charge-in-less-than-5-minutes-but-we-have-questions,technology
A Revolutionary Scoliosis Correction Device by Industrial Design Firm Intenxiv,"This Spinamic is a scoliosis correction device by South Korean industrial design firm Intenxiv. Designed for client VNTC, a South Korean medical technology company, Spinamic is soft rather than rigid, which brings several benefits. First off, it's adjustable.…",2025-07-02T16:00:00Z,https://www.core77.com/posts/137593/A-Revolutionary-Scoliosis-Correction-Device-by-Industrial-Design-Firm-Intenxiv,technology
AI Could Help Save Patients from Extreme Heat,AI could be used to comb through electronic health records and warn vulnerable people about dangerous heat waves,2025-07-02T15:15:00Z,https://subscriber.politicopro.com/article/eenews/2025/07/02/to-help-patients-beat-the-heat-one-hospital-turns-to-ai-00432942,technology
What Happens To Work When AI Does The Easy Parts?,"Focusing on AI technology instead of on the work people do can backfire, leading to erosion of financial benefits and reductions in customer and employee satisfaction.",2025-07-01T01:43:26Z,https://www.forbes.com/sites/jimeuchner/2025/06/30/what-happens-to-work-when-ai-does-the-easy-parts/,technology
Mark Wahlberg And Municipal Plan Performance Footwear Expansion,"Municipal shoes feature M.Float technology that will soon expand into running, court sports and more as the young brand continues to grow",2025-07-02T13:00:00Z,https://www.forbes.com/sites/timnewcomb/2025/07/02/mark-wahlberg-and-municipal-plan-performance-footwear-expansion/,technology
The Modern Man’s Guide To Boosting Collagen With CACI Treatments,Men are embracing non-invasive CACI technology to boost collagen. This microcurrent treatment tones facial muscles and offers natural results with only a few sessions.,2025-07-02T18:32:16Z,https://www.forbes.com/sites/poojashah/2025/07/02/the-modern-mans-guide-to--boosting-collagen-with-caci-treatments/,technology
FDA vaccine official restricted COVID vaccine approvals against the advice of agency staff,The government’s top vaccine official working under Health Secretary Robert F. Kennedy Jr. recently restricted the approval of two COVID-19 vaccines...,2025-07-02T23:18:29Z,https://www.yahoo.com/news/fda-vaccine-official-restricted-covid-231829324.html,technology
A Man Sailing To Hawaii With His Cat Got A Package Delivered While He Was In The Middle Of The Pacific Ocean,Technology for the win!,2025-07-01T14:48:53Z,http://twistedsifter.com/2025/07/a-man-sailing-to-hawaii-with-his-cat-got-a-package-delivered-while-he-was-in-the-middle-of-the-pacific-ocean/,technology
EU Central Bank Commits to Distributed Ledger Technology Settlement Work,"""The decision is in line with the Eurosystem’s commitment to supporting innovation without compromising on safety and efficiency in financial market infrastructures,"" a release said.",2025-07-01T22:13:14Z,https://www.coindesk.com/policy/2025/07/01/eu-central-bank-commits-to-distributed-ledger-technology-settlement-work,technology
"Today’s AI Could Make Pandemics 5 Times More Likely, Experts Predict","AI advances may make human-caused pandemics 5× more likely than last year, top experts warn in a study shared exclusively with TIME.",2025-07-01T12:00:00Z,https://time.com/7298645/ai-pandemic-5-times-more-likely/,technology
Visual Effects Pioneer And Moonvalley Exec Ed Ulbrich On Industry’s Embrace Of AI: “The Stigma Is Going To Be Gone”,"Ed Ulbrich is fairly self-effacing about his calling as a builder of bridges between entertainment and technology. “I’m trying to help save the world from boredom,” he explains. That semi-facetious description sells him short, of course. Prior to landing last…",2025-07-02T15:30:56Z,http://deadline.com/2025/07/visual-effects-pioneer-ed-ulbrich-moonvalley-exec-post-ai-revolution-1236438695/,technology
Confidence in agentic AI: Why eval infrastructure must come first,"At VentureBeat’s Transform 2025, tech leaders gathered to talk about how they're transforming their business with agents.",2025-07-02T15:41:49Z,https://venturebeat.com/ai/confidence-in-agentic-ai-why-eval-infrastructure-must-come-first/,technology
"Microsoft to Lay Off About 9,000 Employees","The reductions followed cuts of about 6,000 positions last quarter, and were indicative of a tightening job market at big technology companies.",2025-07-02T16:20:15Z,https://www.nytimes.com/2025/07/02/technology/microsoft-layoffs-ai.html,technology
Word of the Day: woebegone,This word has appeared in 22 articles on NYTimes.com in the past year. Can you use it in a sentence?,2025-07-01T06:00:02Z,https://www.nytimes.com/2025/07/01/learning/word-of-the-day-woebegone.html,technology
The Senate Muscled Through Trump’s Big Policy Bill,"Also, heat waves are punishing India. Here’s the latest at the end of Tuesday.",2025-07-01T21:58:24Z,https://www.nytimes.com/2025/07/01/briefing/senate-trump-policy-bill-ai-scrapers.html,technology
Word of the Day: fawning,This word has appeared in 71 articles on NYTimes.com in the past year. Can you use it in a sentence?,2025-07-02T06:00:02Z,https://www.nytimes.com/2025/07/02/learning/word-of-the-day-fawning.html,technology
Tuesday Briefing,The sliding U.S. dollar.,2025-07-01T04:35:37Z,https://www.nytimes.com/2025/07/01/briefing/dollar-china-gaza.html,technology
"Wordle Review No. 1,475","Scroll down for hints and conversation about the puzzle for Thursday, July 3, 2025.",2025-07-02T10:00:06Z,https://www.nytimes.com/2025/07/02/crosswords/wordle-review-1475.html,technology
"Wordle Review No. 1,474","Scroll down for hints and conversation about the puzzle for Wednesday, July 2, 2025.",2025-07-01T10:00:06Z,https://www.nytimes.com/2025/07/01/crosswords/wordle-review-1474.html,technology
Word of the Day: perimeter,"This word has appeared in 1,750 articles on NYTimes.com in the past year. Can you use it in a sentence?",2025-07-03T06:00:02Z,https://www.nytimes.com/2025/07/03/learning/word-of-the-day-perimeter.html,technology
The Senate and the Supreme Court,"President Trump’s agenda passed in the Senate. It now goes to the House. Plus, we take a close look at this Supreme Court term.",2025-07-02T10:58:09Z,https://www.nytimes.com/2025/07/02/briefing/the-senate-and-the-supreme-court.html,technology
‘I Do Not See Rot. I See Rest.’:The Week 2 Winner of Our Summer Reading Contest,"Alvin Su, 15, writes that summer doesn’t need to be a productivity contest for teens, but can, instead, be a quiet space for “magic to grow wild.”",2025-07-01T12:42:23Z,https://www.nytimes.com/2025/07/01/learning/i-do-not-see-rot-i-see-restthe-week-2-winner-of-our-summer-reading-contest.html,technology
Skirting the issue: Designer dress goes missing from Bezos-Sánchez wedding,Sources say no complaint has been made to police – with expectation that garment will ‘turn up’,2025-07-03T14:56:24Z,https://www.theguardian.com/technology/2025/jul/03/designer-dress-missing-bezos-sanchez-venice-wedding,technology
Fears AI factcheckers on X could increase promotion of conspiracy theories,"Former UK minister says platform, which will use AI to draft community notes, is ‘leaving it to bots to edit the news’",2025-07-02T16:20:01Z,https://www.theguardian.com/technology/2025/jul/02/fears-ai-factcheckers-on-x-could-increase-promotion-of-conspiracy-theories,technology
AI helps find formula for paint to keep buildings cooler,Research could help cut energy use and is latest example of AI being used for advances in materials science,2025-07-02T14:00:02Z,https://www.theguardian.com/technology/2025/jul/02/ai-helps-find-formula-for-paint-to-keep-buildings-cooler,technology
"Google undercounts its carbon emissions, report finds","Research says Google’s carbon emissions went up by 65% between 2019-2024, not 51% as the tech giant had claimed",2025-07-02T10:00:00Z,https://www.theguardian.com/technology/2025/jul/02/google-carbon-emissions-report,technology
‘A billion people backing you’: China transfixed as Musk turns against Trump,"Tesla CEO’s feud with US president dominates Chinese social media, with many praising his ‘tech-driven mindset’",2025-07-02T05:44:50Z,https://www.theguardian.com/technology/2025/jul/02/a-billion-people-backing-you-china-transfixed-as-musk-turns-against-trump,technology
AI companies start winning the copyright fight,"Tech firms notch victories in battle over copyrighted text, Trump’s gold phone, and online age checks",2025-07-01T16:10:40Z,https://www.theguardian.com/technology/2025/jun/30/ai-techscape-copyright,technology
China hosts first fully autonomous AI robot football match,Footage of three-a-side game shows humanoids struggling to kick the ball or stay upright,2025-07-01T12:09:48Z,https://www.theguardian.com/technology/2025/jun/30/china-hosts-first-fully-autonomous-ai-robot-football-match,technology
Whitehall’s ambition to cut costs using AI is fraught with risk,No 10 must decide whether to ‘build or buy’ its AI technology as ministers increasingly lean on it to tackle crises,2025-07-01T05:00:07Z,https://www.theguardian.com/technology/2025/jul/01/whitehall-ambition-to-cut-costs-using-ai-is-fraught-with-risk,technology
Musk vows to unseat lawmakers who support Trump’s sweeping spending bill,"Tesla CEO also threatened forming an ‘America Party’ if the bill, which would increase US deficit by $3.3tn, is passed",2025-07-01T01:44:01Z,https://www.theguardian.com/technology/2025/jun/30/musk-big-beautiful-bill-america-party,technology
